end_date,samplesize,results,favorability_r,favorability_d
2023-08-08,1500.0,0,-30.334100000000003,-22.334
2023-08-08,1500.0,0,-30.334100000000003,-20.6673
2023-08-08,1178.0,0,-33.0008,-22.334
2023-08-08,1178.0,0,-33.0008,-20.6673
2023-08-03,1076.0,0,-19.3343,-12.667300000000001
2023-08-03,1076.0,0,-19.3343,-14.433790000000002
2023-08-03,2000.0,0,-15.20045,-12.667300000000001
2023-08-03,2000.0,0,-15.20045,-14.433790000000002
2023-08-01,1500.0,0,-30.334100000000003,-29.667499999999997
2023-08-01,1500.0,0,-30.334100000000003,-28.000799999999995
2023-08-01,1324.0,0,-30.6674,-29.667499999999997
2023-08-01,1324.0,0,-30.6674,-28.000799999999995
2023-07-27,1013.0,0,-30.6674,-29.000799999999998
2023-07-27,1013.0,0,-30.6674,-25.0007
2023-07-27,1013.0,0,-30.6674,-10.667200000000001
2023-07-27,1329.0,0,-29.334099999999996,-29.000799999999998
2023-07-27,1329.0,0,-29.334099999999996,-25.0007
2023-07-27,1329.0,0,-29.334099999999996,-10.667200000000001
2023-07-27,1015.0,0,-9.333799999999997,-29.000799999999998
2023-07-27,1015.0,0,-9.333799999999997,-25.0007
2023-07-27,1015.0,0,-9.333799999999997,-10.667200000000001
2023-07-25,1500.0,0,-32.3341,-22.334
2023-07-25,1500.0,0,-32.3341,-18.0006
2023-07-25,1306.0,0,-32.0008,-22.334
2023-07-25,1306.0,0,-32.0008,-18.0006
2023-07-24,1000.0,0,-40.6676,-33.3342
2023-07-24,1000.0,0,-40.6676,-27.667399999999997
2023-07-22,1000.0,0,-47.667699999999996,-28.000799999999998
2023-07-20,2068.0,0,-11.3337,-26.6673
2023-07-18,1500.0,0,-31.334100000000003,-30.667500000000004
2023-07-18,1500.0,0,-31.334100000000003,-27.667499999999997
2023-07-18,1315.0,0,-34.6675,-30.667500000000004
2023-07-18,1315.0,0,-34.6675,-27.667499999999997
2023-07-17,1809.0,0,-12.667300000000001,-9.333799999999997
2023-07-17,1809.0,0,-12.667300000000001,-31.3342
2023-07-17,1809.0,0,-12.667300000000001,-33.0008
2023-07-17,1638.0,0,-36.3343,-9.333799999999997
2023-07-17,1638.0,0,-36.3343,-31.3342
2023-07-17,1638.0,0,-36.3343,-33.0008
2023-07-17,840.0,0,-50.334500000000006,-9.333799999999997
2023-07-17,840.0,0,-50.334500000000006,-31.3342
2023-07-17,840.0,0,-50.334500000000006,-33.0008
2023-07-17,4414.0,0,-34.6675,-9.333799999999997
2023-07-17,4414.0,0,-34.6675,-31.3342
2023-07-17,4414.0,0,-34.6675,-33.0008
2023-07-16,8480.0,0,-18.6676,-14.000699999999998
2023-07-12,1026.0,0,-1.333599999999997,-9.333800000000004
2023-07-12,1026.0,0,-1.333599999999997,-11.3339
2023-07-12,1005.0,0,-18.6676,-9.333800000000004
2023-07-12,1005.0,0,-18.6676,-11.3339
2023-07-12,788.0,0,-18.6676,-9.333800000000004
2023-07-12,788.0,0,-18.6676,-11.3339
2023-07-11,1500.0,0,-30.000800000000005,-31.667500000000004
2023-07-11,1500.0,0,-30.000800000000005,-29.6675
2023-07-11,1296.0,0,-31.0008,-31.667500000000004
2023-07-11,1296.0,0,-31.0008,-29.6675
2023-07-10,1001.0,0,-34.0008,-31.334200000000003
2023-07-05,1500.0,0,-35.667500000000004,-29.334099999999996
2023-07-05,1500.0,0,-35.667500000000004,-26.667399999999994
2023-07-05,1350.0,0,-34.6675,-29.334099999999996
2023-07-05,1350.0,0,-34.6675,-26.667399999999994
2023-06-29,1020.0,0,-32.33410000000001,-26.0007
2023-06-27,1500.0,0,-27.334099999999996,-27.334099999999996
2023-06-27,1500.0,0,-27.334099999999996,-26.000799999999998
2023-06-27,1315.0,0,-26.667399999999994,-27.334099999999996
2023-06-27,1315.0,0,-26.667399999999994,-26.000799999999998
2023-06-26,1220.0,0,-54.0012,-20.6672
2023-06-23,2875.0,0,-6.000299999999999,-8.667099999999998
2023-06-22,2010.0,0,-28.434239999999996,-26.46744
2023-06-21,1000.0,0,-18.0009,-11.3339
2023-06-20,1626.0,0,-30.334199999999996,-14.667200000000001
2023-06-20,1626.0,0,-30.334199999999996,-12.000500000000006
2023-06-20,1626.0,0,-30.334199999999996,-23.0007
2023-06-20,1626.0,0,-30.334199999999996,-35.6676
2023-06-20,1090.0,0,-29.334199999999996,-14.667200000000001
2023-06-20,1090.0,0,-29.334199999999996,-12.000500000000006
2023-06-20,1090.0,0,-29.334199999999996,-23.0007
2023-06-20,1090.0,0,-29.334199999999996,-35.6676
2023-06-20,1000.0,0,-40.6676,-14.667200000000001
2023-06-20,1000.0,0,-40.6676,-12.000500000000006
2023-06-20,1000.0,0,-40.6676,-23.0007
2023-06-20,1000.0,0,-40.6676,-35.6676
2023-06-20,1000.0,0,-40.0009,-14.667200000000001
2023-06-20,1000.0,0,-40.0009,-12.000500000000006
2023-06-20,1000.0,0,-40.0009,-23.0007
2023-06-20,1000.0,0,-40.0009,-35.6676
2023-06-17,1350.0,0,-17.3342,-16.0008
2023-06-17,1350.0,0,-17.3342,-14.000700000000002
2023-06-17,0.0,0,-16.000799999999998,-16.0008
2023-06-17,0.0,0,-16.000799999999998,-14.000700000000002
2023-06-15,2090.0,0,-7.666899999999998,-24.334
2023-06-13,1500.0,0,-22.0006,-21.000700000000002
2023-06-13,1500.0,0,-22.0006,-21.334
2023-06-13,1303.0,0,-23.0006,-21.000700000000002
2023-06-13,1303.0,0,-23.0006,-21.334
2023-06-12,1735.0,0,-14.667399999999997,-8.000399999999999
2023-06-10,910.0,0,-16.6675,-14.000699999999998
2023-06-06,1500.0,0,-35.667500000000004,-23.333999999999996
2023-06-06,1500.0,0,-35.667500000000004,-22.334
2023-06-06,1315.0,0,-35.334199999999996,-23.333999999999996
2023-06-06,1315.0,0,-35.334199999999996,-22.334
2023-06-05,1001.0,0,-33.667500000000004,-33.0009
2023-06-05,1001.0,0,-33.667500000000004,-31.334200000000003
2023-06-05,1625.0,0,-35.0008,-33.0009
2023-06-05,1625.0,0,-35.0008,-31.334200000000003
2023-05-31,1500.0,0,-30.6674,-23.6674
2023-05-31,1500.0,0,-30.6674,-21.667399999999997
2023-05-31,1313.0,0,-32.3341,-23.6674
2023-05-31,1313.0,0,-32.3341,-21.667399999999997
2023-05-30,1520.0,0,-27.3341,
2023-05-30,1019.0,0,-23.3341,
2023-05-27,1961.0,0,-20.3339,-23.333999999999996
2023-05-25,1035.0,0,-34.3341,-34.6675
2023-05-23,1500.0,0,-8.000399999999999,-12.333800000000004
2023-05-23,1500.0,0,-8.000399999999999,-10.667100000000005
2023-05-23,1318.0,0,-8.000399999999999,-12.333800000000004
2023-05-23,1318.0,0,-8.000399999999999,-10.667100000000005
2023-05-22,1616.0,0,-10.667200000000001,-10.000499999999999
2023-05-21,1000.0,0,-39.3343,-33.3342
2023-05-20,1227.0,0,-13.334,-14.6674
2023-05-20,1227.0,0,-13.334,-13.334
2023-05-20,0.0,0,-11.333900000000003,-14.6674
2023-05-20,0.0,0,-11.333900000000003,-13.334
2023-05-18,2004.0,0,-6.000299999999999,-21.6672
2023-05-18,2004.0,0,-6.000299999999999,-26.700740000000003
2023-05-18,2004.0,0,-6.000299999999999,-14.6674
2023-05-18,2004.0,0,-6.000299999999999,-15.334099999999996
2023-05-18,2527.0,0,-18.36724,-21.6672
2023-05-18,2527.0,0,-18.36724,-26.700740000000003
2023-05-18,2527.0,0,-18.36724,-14.6674
2023-05-18,2527.0,0,-18.36724,-15.334099999999996
2023-05-18,1010.0,0,-15.334099999999996,-21.6672
2023-05-18,1010.0,0,-15.334099999999996,-26.700740000000003
2023-05-18,1010.0,0,-15.334099999999996,-14.6674
2023-05-18,1010.0,0,-15.334099999999996,-15.334099999999996
2023-05-18,833.0,0,-14.000699999999998,-21.6672
2023-05-18,833.0,0,-14.000699999999998,-26.700740000000003
2023-05-18,833.0,0,-14.000699999999998,-14.6674
2023-05-18,833.0,0,-14.000699999999998,-15.334099999999996
2023-05-16,1500.0,0,-11.667099999999998,-11.667100000000005
2023-05-16,1500.0,0,-11.667099999999998,-12.667100000000005
2023-05-16,1302.0,0,-9.333700000000004,-11.667100000000005
2023-05-16,1302.0,0,-9.333700000000004,-12.667100000000005
2023-05-14,1122.0,0,-8.667099999999998,-11.333899999999996
2023-05-13,1571.0,0,-20.001,-10.000499999999999
2023-05-09,1500.0,0,-15.667200000000005,-7.000399999999999
2023-05-09,1500.0,0,-15.667200000000005,-6.000399999999999
2023-05-09,1324.0,0,-16.667200000000005,-7.000399999999999
2023-05-09,1324.0,0,-16.667200000000005,-6.000399999999999
2023-05-08,1584.0,0,-21.334000000000003,-27.667399999999994
2023-05-08,1059.0,0,-21.334,-27.667399999999994
2023-05-08,1000.0,0,-34.0009,-27.667399999999994
2023-05-02,1500.0,0,-11.333699999999997,-16.6671
2023-05-02,1500.0,0,-11.333699999999997,-17.667199999999998
2023-05-02,1500.0,0,-11.333699999999997,-39.66759999999999
2023-05-02,1500.0,0,-11.333699999999997,-19.0006
2023-05-02,1357.0,0,-11.667100000000005,-16.6671
2023-05-02,1357.0,0,-11.667100000000005,-17.667199999999998
2023-05-02,1357.0,0,-11.667100000000005,-39.66759999999999
2023-05-02,1357.0,0,-11.667100000000005,-19.0006
2023-05-02,1208.0,0,-42.3343,-16.6671
2023-05-02,1208.0,0,-42.3343,-17.667199999999998
2023-05-02,1208.0,0,-42.3343,-39.66759999999999
2023-05-02,1208.0,0,-42.3343,-19.0006
2023-05-02,1050.0,0,25.333600000000004,-16.6671
2023-05-02,1050.0,0,25.333600000000004,-17.667199999999998
2023-05-02,1050.0,0,25.333600000000004,-39.66759999999999
2023-05-02,1050.0,0,25.333600000000004,-19.0006
2023-05-01,6014.0,0,-14.667399999999997,-8.667099999999998
2023-04-30,1000.0,0,-6.666999999999998,-8.667099999999998
2023-04-27,1012.0,0,-33.33410000000001,-25.334099999999996
2023-04-27,1012.0,0,-33.33410000000001,-30.3341
2023-04-25,1500.0,0,-9.333699999999997,-14.000500000000002
2023-04-25,1500.0,0,-9.333699999999997,-12.667200000000005
2023-04-25,1295.0,0,-11.000400000000003,-14.000500000000002
2023-04-25,1295.0,0,-11.000400000000003,-12.667200000000005
2023-04-24,1004.0,0,-26.334000000000003,-26.000700000000002
2023-04-24,1004.0,0,-26.334000000000003,-24.333999999999996
2023-04-24,1002.0,0,-33.0008,-26.000700000000002
2023-04-24,1002.0,0,-33.0008,-24.333999999999996
2023-04-20,2500.0,0,-29.40074,-26.600709999999992
2023-04-19,1845.0,0,-10.333699999999997,-24.667299999999997
2023-04-18,1500.0,0,-9.000399999999999,-10.3338
2023-04-18,1500.0,0,-9.000399999999999,-14.000500000000002
2023-04-18,1500.0,0,-9.000399999999999,-24.0007
2023-04-18,1316.0,0,-12.333800000000004,-10.3338
2023-04-18,1316.0,0,-12.333800000000004,-14.000500000000002
2023-04-18,1316.0,0,-12.333800000000004,-24.0007
2023-04-18,1000.0,0,-37.0009,-10.3338
2023-04-18,1000.0,0,-37.0009,-14.000500000000002
2023-04-18,1000.0,0,-37.0009,-24.0007
2023-04-17,1530.0,0,-23.6673,-18.667300000000004
2023-04-17,1530.0,0,-23.6673,-36.6677
2023-04-17,1027.0,0,-24.667399999999997,-18.667300000000004
2023-04-17,1027.0,0,-24.667399999999997,-36.6677
2023-04-17,1230.0,0,-52.3345,-18.667300000000004
2023-04-17,1230.0,0,-52.3345,-36.6677
2023-04-17,1500.0,0,-35.0009,-18.667300000000004
2023-04-17,1500.0,0,-35.0009,-36.6677
2023-04-13,1250.0,0,-34.3675,-29.300719999999995
2023-04-11,1500.0,0,-17.000500000000002,-13.333899999999996
2023-04-11,1500.0,0,-17.000500000000002,-15.333900000000003
2023-04-11,1322.0,0,-20.0006,-13.333899999999996
2023-04-11,1322.0,0,-20.0006,-15.333900000000003
2023-04-10,1003.0,0,-34.334199999999996,-30.6674
2023-04-10,1003.0,0,-34.334199999999996,-6.000300000000003
2023-04-10,1214.0,0,-7.3337,-30.6674
2023-04-10,1214.0,0,-7.3337,-6.000300000000003
2023-04-07,566.0,0,-24.001199999999994,-9.333799999999997
2023-04-04,1500.0,0,-18.3339,-14.667199999999998
2023-04-04,1500.0,0,-18.3339,-14.333900000000003
2023-04-04,1319.0,0,-14.000500000000002,-14.667199999999998
2023-04-04,1319.0,0,-14.000500000000002,-14.333900000000003
2023-04-01,593.0,0,-17.334199999999996,-11.333899999999996
2023-04-01,1048.0,0,-16.000799999999998,-11.333899999999996
2023-03-31,1089.0,0,-16.333800000000004,-19.000600000000002
2023-03-31,1089.0,0,-16.333800000000004,-17.000700000000002
2023-03-31,719.0,0,-19.3339,-19.000600000000002
2023-03-31,719.0,0,-19.3339,-17.000700000000002
2023-03-29,1007.0,0,-35.3341,-24.334
2023-03-28,1500.0,0,-18.6672,-20.0006
2023-03-28,1500.0,0,-18.6672,-17.6672
2023-03-28,1310.0,0,-21.0006,-20.0006
2023-03-28,1310.0,0,-21.0006,-17.6672
2023-03-27,2550.0,0,-9.00045,-7.467040000000001
2023-03-27,2550.0,0,-9.00045,-12.667300000000001
2023-03-27,2550.0,0,-9.00045,-23.667299999999997
2023-03-27,1600.0,0,-14.6674,-7.467040000000001
2023-03-27,1600.0,0,-14.6674,-12.667300000000001
2023-03-27,1600.0,0,-14.6674,-23.667299999999997
2023-03-27,1000.0,0,-35.334199999999996,-7.467040000000001
2023-03-27,1000.0,0,-35.334199999999996,-12.667300000000001
2023-03-27,1000.0,0,-35.334199999999996,-23.667299999999997
2023-03-23,2905.0,0,-7.333599999999997,-18.000500000000002
2023-03-23,2905.0,0,-7.333599999999997,-3.333500000000001
2023-03-23,1327.0,0,-8.000400000000003,-18.000500000000002
2023-03-23,1327.0,0,-8.000400000000003,-3.333500000000001
2023-03-23,1226.0,0,-8.000399999999999,-18.000500000000002
2023-03-23,1226.0,0,-8.000399999999999,-3.333500000000001
2023-03-23,5046.0,0,-20.6677,-18.000500000000002
2023-03-23,5046.0,0,-20.6677,-3.333500000000001
2023-03-22,1004.0,0,-18.0009,-14.667399999999997
2023-03-22,1004.0,0,-18.0009,-10.000500000000002
2023-03-22,863.0,0,-19.3343,-14.667399999999997
2023-03-22,863.0,0,-19.3343,-10.000500000000002
2023-03-21,1500.0,0,-24.667299999999997,-16.667200000000005
2023-03-21,1500.0,0,-24.667299999999997,-13.667200000000005
2023-03-21,1500.0,0,-24.667299999999997,-2.333449999999999
2023-03-21,1341.0,0,-26.667300000000004,-16.667200000000005
2023-03-21,1341.0,0,-26.667300000000004,-13.667200000000005
2023-03-21,1341.0,0,-26.667300000000004,-2.333449999999999
2023-03-21,2000.0,0,-12.267280000000003,-16.667200000000005
2023-03-21,2000.0,0,-12.267280000000003,-13.667200000000005
2023-03-21,2000.0,0,-12.267280000000003,-2.333449999999999
2023-03-19,1004.0,0,-36.667500000000004,-21.6674
2023-03-19,1004.0,0,-36.667500000000004,-22.6674
2023-03-19,788.0,0,-34.6675,-21.6674
2023-03-19,788.0,0,-34.6675,-22.6674
2023-03-14,1500.0,0,-18.6672,-12.333800000000004
2023-03-14,1500.0,0,-18.6672,-14.333800000000004
2023-03-14,1307.0,0,-20.6673,-12.333800000000004
2023-03-14,1307.0,0,-20.6673,-14.333800000000004
2023-03-13,1635.0,0,-14.6674,-9.333799999999997
2023-03-13,1635.0,0,-14.6674,-24.667399999999997
2023-03-13,1635.0,0,-14.6674,-26.000699999999995
2023-03-13,1017.0,0,5.999899999999997,-9.333799999999997
2023-03-13,1017.0,0,5.999899999999997,-24.667399999999997
2023-03-13,1017.0,0,5.999899999999997,-26.000699999999995
2023-03-13,1000.0,0,-28.667399999999997,-9.333799999999997
2023-03-13,1000.0,0,-28.667399999999997,-24.667399999999997
2023-03-13,1000.0,0,-28.667399999999997,-26.000699999999995
2023-03-13,1000.0,0,-36.6676,-9.333799999999997
2023-03-13,1000.0,0,-36.6676,-24.667399999999997
2023-03-13,1000.0,0,-36.6676,-26.000699999999995
2023-03-09,1250.0,0,-33.300819999999995,-25.834
2023-03-07,1500.0,0,-24.6674,-19.6672
2023-03-07,1500.0,0,-24.6674,-21.0006
2023-03-07,1306.0,0,-32.0008,-19.6672
2023-03-07,1306.0,0,-32.0008,-21.0006
2023-03-05,2003.0,0,-29.334099999999996,-11.000399999999999
2023-03-05,2003.0,0,-29.334099999999996,-23.334
2023-03-05,2003.0,0,-29.334099999999996,-13.000499999999999
2023-03-05,2003.0,0,-29.334099999999996,-8.3337
2023-03-05,2003.0,0,-29.334099999999996,-13.000499999999999
2023-03-03,1000.0,0,-12.000600000000002,-6.666999999999998
2023-02-28,1500.0,0,-29.667399999999994,-14.333899999999996
2023-02-28,1500.0,0,-29.667399999999994,-16.000600000000002
2023-02-28,1500.0,0,-29.667399999999994,-21.000600000000002
2023-02-28,1302.0,0,-32.3341,-14.333899999999996
2023-02-28,1302.0,0,-32.3341,-16.000600000000002
2023-02-28,1302.0,0,-32.3341,-21.000600000000002
2023-02-28,19686.0,0,-27.6674,-14.333899999999996
2023-02-28,19686.0,0,-27.6674,-16.000600000000002
2023-02-28,19686.0,0,-27.6674,-21.000600000000002
2023-02-27,2424.0,0,-0.7335599999999971,-7.833710000000011
2023-02-27,2424.0,0,-0.7335599999999971,-21.334
2023-02-27,1000.0,0,-33.0008,-7.833710000000011
2023-02-27,1000.0,0,-33.0008,-21.334
2023-02-27,1000.0,0,-10.000499999999999,-7.833710000000011
2023-02-27,1000.0,0,-10.000499999999999,-21.334
2023-02-26,1993.0,0,-32.667500000000004,-13.667100000000005
2023-02-26,1993.0,0,-32.667500000000004,-22.334
2023-02-26,1993.0,0,-32.667500000000004,-9.000399999999999
2023-02-23,1023.0,0,-35.0008,-26.334099999999996
2023-02-23,1023.0,0,-35.0008,-19.6672
2023-02-21,1500.0,0,-22.6673,-12.333799999999997
2023-02-21,1500.0,0,-22.6673,-13.000500000000002
2023-02-21,1315.0,0,-27.334099999999996,-12.333799999999997
2023-02-21,1315.0,0,-27.334099999999996,-13.000500000000002
2023-02-20,2002.0,0,-4.666900000000002,-7.3337
2023-02-20,2002.0,0,-4.666900000000002,-4.666900000000002
2023-02-16,1838.0,0,-3.0002999999999993,-24.0006
2023-02-14,1500.0,0,-29.334099999999996,-19.000600000000002
2023-02-14,1500.0,0,-29.334099999999996,-18.0006
2023-02-14,1500.0,0,-29.334099999999996,-10.667199999999998
2023-02-14,1319.0,0,-29.334099999999996,-19.000600000000002
2023-02-14,1319.0,0,-29.334099999999996,-18.0006
2023-02-14,1319.0,0,-29.334099999999996,-10.667199999999998
2023-02-14,1429.0,0,-13.334,-19.000600000000002
2023-02-14,1429.0,0,-13.334,-18.0006
2023-02-14,1429.0,0,-13.334,-10.667199999999998
2023-02-13,998.0,0,-38.3343,-25.0007
2023-02-12,2009.0,0,-33.667500000000004,-22.000700000000002
2023-02-11,1056.0,0,-13.334000000000003,
2023-02-07,1500.0,0,-13.667099999999998,-19.0006
2023-02-07,1500.0,0,-13.667099999999998,-19.3339
2023-02-07,1294.0,0,-15.667200000000001,-19.0006
2023-02-07,1294.0,0,-15.667200000000001,-19.3339
2023-02-05,2014.0,0,-29.000799999999998,-18.667300000000004
2023-02-05,2014.0,0,-29.000799999999998,-14.667200000000005
2023-01-31,1500.0,0,-28.667399999999997,-18.667300000000004
2023-01-31,1500.0,0,-28.667399999999997,-18.6673
2023-01-31,1319.0,0,-26.667399999999994,-18.667300000000004
2023-01-31,1319.0,0,-26.667399999999994,-18.6673
2023-01-30,1068.0,0,-51.334500000000006,-22.667299999999997
2023-01-25,1024.0,0,-47.001000000000005,-32.667500000000004
2023-01-25,1024.0,0,-47.001000000000005,-17.6672
2023-01-24,1500.0,0,-31.0007,-20.000700000000002
2023-01-24,1500.0,0,-31.0007,-23.000799999999998
2023-01-24,1500.0,0,-31.0007,-19.000600000000002
2023-01-24,1500.0,0,-31.0007,-17.667200000000005
2023-01-24,1330.0,0,-35.0008,-20.000700000000002
2023-01-24,1330.0,0,-35.0008,-23.000799999999998
2023-01-24,1330.0,0,-35.0008,-19.000600000000002
2023-01-24,1330.0,0,-35.0008,-17.667200000000005
2023-01-24,1000.0,0,-39.0009,-20.000700000000002
2023-01-24,1000.0,0,-39.0009,-23.000799999999998
2023-01-24,1000.0,0,-39.0009,-19.000600000000002
2023-01-24,1000.0,0,-39.0009,-17.667200000000005
2023-01-23,1000.0,0,-30.000800000000005,-29.000800000000005
2023-01-22,1990.0,0,-28.3341,-24.0007
2023-01-22,1990.0,0,-28.3341,-12.667199999999998
2023-01-22,1004.0,0,-20.6677,-24.0007
2023-01-22,1004.0,0,-20.6677,-12.667199999999998
2023-01-22,0.0,0,-21.3344,-24.0007
2023-01-22,0.0,0,-21.3344,-12.667199999999998
2023-01-20,2529.0,0,-12.000450000000004,-10.433780000000002
2023-01-20,2529.0,0,-12.000450000000004,-22.334
2023-01-20,2529.0,0,-12.000450000000004,-8.667099999999998
2023-01-20,2529.0,0,-12.000450000000004,-7.333699999999997
2023-01-20,1000.0,0,-19.3343,-10.433780000000002
2023-01-20,1000.0,0,-19.3343,-22.334
2023-01-20,1000.0,0,-19.3343,-8.667099999999998
2023-01-20,1000.0,0,-19.3343,-7.333699999999997
2023-01-20,790.0,0,-17.334200000000003,-10.433780000000002
2023-01-20,790.0,0,-17.334200000000003,-22.334
2023-01-20,790.0,0,-17.334200000000003,-8.667099999999998
2023-01-20,790.0,0,-17.334200000000003,-7.333699999999997
2023-01-19,2050.0,0,-8.667000000000002,-27.000699999999995
2023-01-19,2050.0,0,-8.667000000000002,-16.000500000000002
2023-01-18,909.0,0,-22.000700000000002,-17.6672
2023-01-17,1500.0,0,-12.3338,-8.3338
2023-01-17,1500.0,0,-12.3338,-11.667200000000005
2023-01-17,1314.0,0,-10.000399999999999,-8.3338
2023-01-17,1314.0,0,-10.000399999999999,-11.667200000000005
2023-01-11,2010.0,0,-34.0008,-23.6673
2023-01-11,2010.0,0,-34.0008,-15.000500000000002
2023-01-10,1500.0,0,-32.33409999999999,-7.000399999999999
2023-01-10,1500.0,0,-32.33409999999999,-8.000399999999999
2023-01-10,1356.0,0,-31.334100000000003,-7.000399999999999
2023-01-10,1356.0,0,-31.334100000000003,-8.000399999999999
2023-01-09,1000.0,0,-38.0009,-21.0006
2023-01-08,1035.0,0,-39.001,-14.667200000000001
2023-01-08,1035.0,0,-39.001,-26.3341
2023-01-03,1500.0,0,-28.667399999999997,-15.3339
2023-01-03,1500.0,0,-28.667399999999997,-11.667200000000001
2023-01-03,1301.0,0,-28.667399999999997,-15.3339
2023-01-03,1301.0,0,-28.667399999999997,-11.667200000000001
2022-12-24,2000.0,0,-14.000699999999998,-6.666999999999998
2022-12-20,1500.0,0,-22.334000000000003,-12.333799999999997
2022-12-20,1500.0,0,-22.334000000000003,-11.333800000000004
2022-12-20,1321.0,0,-28.667399999999997,-12.333799999999997
2022-12-20,1321.0,0,-28.667399999999997,-11.333800000000004
2022-12-19,2001.0,0,-8.667099999999998,-6.666999999999998
2022-12-19,2001.0,0,-8.667099999999998,-18.000600000000006
2022-12-19,2001.0,0,-8.667099999999998,-20.000700000000002
2022-12-19,2001.0,0,-8.667099999999998,-13.667199999999998
2022-12-19,1555.0,0,-30.667499999999997,-6.666999999999998
2022-12-19,1555.0,0,-30.667499999999997,-18.000600000000006
2022-12-19,1555.0,0,-30.667499999999997,-20.000700000000002
2022-12-19,1555.0,0,-30.667499999999997,-13.667199999999998
2022-12-19,1043.0,0,-27.334099999999996,-6.666999999999998
2022-12-19,1043.0,0,-27.334099999999996,-18.000600000000006
2022-12-19,1043.0,0,-27.334099999999996,-20.000700000000002
2022-12-19,1043.0,0,-27.334099999999996,-13.667199999999998
2022-12-15,1851.0,0,-8.3337,-22.000600000000002
2022-12-14,1021.0,0,-43.001,-18.3339
2022-12-14,1021.0,0,-43.001,-13.000500000000002
2022-12-14,1021.0,0,-43.001,-23.0007
2022-12-14,1021.0,0,-43.001,-18.3339
2022-12-14,1021.0,0,-43.001,-21.0006
2022-12-14,1021.0,0,-43.001,-13.333899999999996
2022-12-14,1021.0,0,-46.667699999999996,-18.3339
2022-12-14,1021.0,0,-46.667699999999996,-13.000500000000002
2022-12-14,1021.0,0,-46.667699999999996,-23.0007
2022-12-14,1021.0,0,-46.667699999999996,-18.3339
2022-12-14,1021.0,0,-46.667699999999996,-21.0006
2022-12-14,1021.0,0,-46.667699999999996,-13.333899999999996
2022-12-14,6212.0,0,-57.667899999999996,-18.3339
2022-12-14,6212.0,0,-57.667899999999996,-13.000500000000002
2022-12-14,6212.0,0,-57.667899999999996,-23.0007
2022-12-14,6212.0,0,-57.667899999999996,-18.3339
2022-12-14,6212.0,0,-57.667899999999996,-21.0006
2022-12-14,6212.0,0,-57.667899999999996,-13.333899999999996
2022-12-13,1500.0,0,-34.667500000000004,-12.667199999999994
2022-12-13,1500.0,0,-34.667500000000004,-16.000600000000002
2022-12-13,1338.0,0,-35.667500000000004,-12.667199999999994
2022-12-13,1338.0,0,-35.667500000000004,-16.000600000000002
2022-12-12,2005.0,0,-9.333799999999997,-5.333600000000001
2022-12-12,2005.0,0,-9.333799999999997,-25.6673
2022-12-12,2005.0,0,-9.333799999999997,-6.667000000000002
2022-12-12,2005.0,0,-9.333799999999997,-4.000199999999996
2022-12-12,1005.0,0,-29.000700000000002,-5.333600000000001
2022-12-12,1005.0,0,-29.000700000000002,-25.6673
2022-12-12,1005.0,0,-29.000700000000002,-6.667000000000002
2022-12-12,1005.0,0,-29.000700000000002,-4.000199999999996
2022-12-12,1614.0,0,-15.3341,-5.333600000000001
2022-12-12,1614.0,0,-15.3341,-25.6673
2022-12-12,1614.0,0,-15.3341,-6.667000000000002
2022-12-12,1614.0,0,-15.3341,-4.000199999999996
2022-12-12,1456.0,0,-14.667399999999997,-5.333600000000001
2022-12-12,1456.0,0,-14.667399999999997,-25.6673
2022-12-12,1456.0,0,-14.667399999999997,-6.667000000000002
2022-12-12,1456.0,0,-14.667399999999997,-4.000199999999996
2022-12-11,1000.0,0,-21.401069999999997,-2.9334799999999994
2022-12-07,750.0,0,-44.001,-27.667499999999997
2022-12-07,750.0,0,-44.001,-6.667000000000002
2022-12-07,750.0,0,-44.001,-4.666900000000002
2022-12-07,1208.0,0,-19.334299999999995,-27.667499999999997
2022-12-07,1208.0,0,-19.334299999999995,-6.667000000000002
2022-12-07,1208.0,0,-19.334299999999995,-4.666900000000002
2022-12-07,0.0,0,-20.6677,-27.667499999999997
2022-12-07,0.0,0,-20.6677,-6.667000000000002
2022-12-07,0.0,0,-20.6677,-4.666900000000002
2022-12-06,1500.0,0,-41.6676,-21.334
2022-12-06,1500.0,0,-41.6676,-22.6673
2022-12-06,1332.0,0,-38.0009,-21.334
2022-12-06,1332.0,0,-38.0009,-22.6673
2022-12-05,1989.0,0,-10.000500000000002,-6.000299999999999
2022-12-05,1989.0,0,-10.000500000000002,-16.333900000000003
2022-12-05,1989.0,0,-10.000500000000002,-13.667200000000005
2022-12-05,1635.0,0,-31.000799999999995,-6.000299999999999
2022-12-05,1635.0,0,-31.000799999999995,-16.333900000000003
2022-12-05,1635.0,0,-31.000799999999995,-13.667200000000005
2022-12-05,1190.0,0,-35.0009,-6.000299999999999
2022-12-05,1190.0,0,-35.0009,-16.333900000000003
2022-12-05,1190.0,0,-35.0009,-13.667200000000005
2022-12-05,1000.0,0,-28.000699999999995,-6.000299999999999
2022-12-05,1000.0,0,-28.000699999999995,-16.333900000000003
2022-12-05,1000.0,0,-28.000699999999995,-13.667200000000005
2022-12-04,1000.0,0,-22.6674,-12.3338
2022-12-02,1020.0,0,-15.334099999999996,-6.666999999999998
2022-11-29,1500.0,0,-22.334000000000003,-19.000600000000002
2022-11-29,1500.0,0,-22.334000000000003,-22.334
2022-11-29,1319.0,0,-27.667399999999997,-19.000600000000002
2022-11-29,1319.0,0,-27.667399999999997,-22.334
2022-11-22,1500.0,0,-27.6673,-14.333799999999997
2022-11-22,1500.0,0,-27.6673,-11.000499999999999
2022-11-22,1500.0,0,-27.6673,-6.666999999999998
2022-11-22,1500.0,0,-27.6673,-4.0001999999999995
2022-11-22,1296.0,0,-27.000699999999995,-14.333799999999997
2022-11-22,1296.0,0,-27.000699999999995,-11.000499999999999
2022-11-22,1296.0,0,-27.000699999999995,-6.666999999999998
2022-11-22,1296.0,0,-27.000699999999995,-4.0001999999999995
2022-11-22,1004.0,0,-22.667799999999996,-14.333799999999997
2022-11-22,1004.0,0,-22.667799999999996,-11.000499999999999
2022-11-22,1004.0,0,-22.667799999999996,-6.666999999999998
2022-11-22,1004.0,0,-22.667799999999996,-4.0001999999999995
2022-11-22,840.0,0,-24.0012,-14.333799999999997
2022-11-22,840.0,0,-24.0012,-11.000499999999999
2022-11-22,840.0,0,-24.0012,-6.666999999999998
2022-11-22,840.0,0,-24.0012,-4.0001999999999995
2022-11-21,999.0,0,-32.0008,-23.0007
2022-11-21,999.0,0,-32.0008,-27.334099999999996
2022-11-21,999.0,0,-32.0008,-36.0009
2022-11-21,1509.0,0,-59.0013,-23.0007
2022-11-21,1509.0,0,-59.0013,-27.334099999999996
2022-11-21,1509.0,0,-59.0013,-36.0009
2022-11-20,2018.0,0,-10.000500000000002,-7.333699999999997
2022-11-20,2018.0,0,-10.000500000000002,-9.3338
2022-11-20,2018.0,0,-10.000500000000002,-8.667099999999998
2022-11-20,1589.0,0,-11.333899999999996,-7.333699999999997
2022-11-20,1589.0,0,-11.333899999999996,-9.3338
2022-11-20,1589.0,0,-11.333899999999996,-8.667099999999998
2022-11-20,1402.0,0,-12.667299999999997,-7.333699999999997
2022-11-20,1402.0,0,-12.667299999999997,-9.3338
2022-11-20,1402.0,0,-12.667299999999997,-8.667099999999998
2022-11-19,1036.0,0,-37.0009,-16.6672
2022-11-19,1036.0,0,-37.0009,-26.667299999999997
2022-11-19,1036.0,0,-37.0009,-24.333899999999996
2022-11-19,1036.0,0,-37.0009,-16.6672
2022-11-19,1036.0,0,-37.0009,-26.667299999999997
2022-11-19,1036.0,0,-37.0009,-24.333899999999996
2022-11-17,2212.0,0,-3.3334999999999972,-17.6672
2022-11-17,2212.0,0,-3.3334999999999972,-15.333900000000003
2022-11-17,2212.0,0,-3.3334999999999972,-26.3341
2022-11-17,1289.0,0,-8.3337,-17.6672
2022-11-17,1289.0,0,-8.3337,-15.333900000000003
2022-11-17,1289.0,0,-8.3337,-26.3341
2022-11-15,1500.0,0,-27.310793,-20.6673
2022-11-15,1500.0,0,-27.310793,-21.000700000000002
2022-11-15,1500.0,0,-27.310793,-18.6673
2022-11-15,1287.0,0,-33.59421999999999,-20.6673
2022-11-15,1287.0,0,-33.59421999999999,-21.000700000000002
2022-11-15,1287.0,0,-33.59421999999999,-18.6673
2022-11-14,1983.0,0,-12.000599999999999,-5.333600000000001
2022-11-14,5013.0,0,-31.0008,-5.333600000000001
2022-11-09,2000.0,0,-14.3338,
2022-11-08,18571.0,0,-12.667300000000001,
2022-11-07,1013.0,0,-11.333899999999996,-10.000499999999995
2022-11-07,1013.0,0,-11.333899999999996,-28.6675
2022-11-07,1013.0,0,-11.333899999999996,-28.3341
2022-11-07,2015.0,0,-31.000799999999998,-10.000499999999995
2022-11-07,2015.0,0,-31.000799999999998,-28.6675
2022-11-07,2015.0,0,-31.000799999999998,-28.3341
2022-11-07,3980.0,0,-27.667399999999997,-10.000499999999995
2022-11-07,3980.0,0,-27.667399999999997,-28.6675
2022-11-07,3980.0,0,-27.667399999999997,-28.3341
2022-11-06,1500.0,0,-22.6673,-21.334000000000003
2022-11-06,1500.0,0,-22.6673,-19.334000000000003
2022-11-06,1500.0,0,-22.6673,-18.0006
2022-11-06,1500.0,0,-22.6673,-18.6673
2022-11-06,1315.0,0,-24.333999999999996,-21.334000000000003
2022-11-06,1315.0,0,-24.333999999999996,-19.334000000000003
2022-11-06,1315.0,0,-24.333999999999996,-18.0006
2022-11-06,1315.0,0,-24.333999999999996,-18.6673
2022-11-06,1071.0,0,-25.000699999999995,-21.334000000000003
2022-11-06,1071.0,0,-25.000699999999995,-19.334000000000003
2022-11-06,1071.0,0,-25.000699999999995,-18.0006
2022-11-06,1071.0,0,-25.000699999999995,-18.6673
2022-11-01,1500.0,0,-33.140805,-18.333900000000003
2022-11-01,1500.0,0,-33.140805,-18.6672
2022-11-01,1500.0,0,-33.140805,-20.3339
2022-11-01,1330.0,0,-29.140759000000006,-18.333900000000003
2022-11-01,1330.0,0,-29.140759000000006,-18.6672
2022-11-01,1330.0,0,-29.140759000000006,-20.3339
2022-11-01,1101.0,0,-30.334100000000003,-18.333900000000003
2022-11-01,1101.0,0,-30.334100000000003,-18.6672
2022-11-01,1101.0,0,-30.334100000000003,-20.3339
2022-10-31,2005.0,0,-10.000500000000002,-15.3339
2022-10-31,2005.0,0,-10.000500000000002,-6.000299999999999
2022-10-30,2015.0,0,-21.900539999999992,-31.567590000000003
2022-10-30,2015.0,0,-21.900539999999992,-20.3339
2022-10-30,1000.0,0,-24.667299999999997,-31.567590000000003
2022-10-30,1000.0,0,-24.667299999999997,-20.3339
2022-10-28,800.0,0,-42.667699999999996,-14.667200000000001
2022-10-28,800.0,0,-42.667699999999996,-36.001000000000005
2022-10-28,800.0,0,-42.667699999999996,-16.6672
2022-10-27,1586.0,0,-6.667000000000002,-6.667000000000002
2022-10-27,1586.0,0,-6.667000000000002,-6.666999999999998
2022-10-27,1469.0,0,-6.666999999999998,-6.667000000000002
2022-10-27,1469.0,0,-6.666999999999998,-6.666999999999998
2022-10-26,1014.0,0,-26.667399999999997,-16.000500000000002
2022-10-26,1014.0,0,-26.667399999999997,-27.334099999999996
2022-10-26,1014.0,0,-26.667399999999997,-24.0007
2022-10-26,1014.0,0,-25.000699999999995,-16.000500000000002
2022-10-26,1014.0,0,-25.000699999999995,-27.334099999999996
2022-10-26,1014.0,0,-25.000699999999995,-24.0007
2022-10-25,1500.0,0,-28.067322,-18.000600000000002
2022-10-25,1500.0,0,-28.067322,-20.000600000000002
2022-10-25,1500.0,0,-28.067322,-18.3339
2022-10-25,1335.0,0,-28.6674,-18.000600000000002
2022-10-25,1335.0,0,-28.6674,-20.000600000000002
2022-10-25,1335.0,0,-28.6674,-18.3339
2022-10-25,1114.0,0,-30.6674,-18.000600000000002
2022-10-25,1114.0,0,-30.6674,-20.000600000000002
2022-10-25,1114.0,0,-30.6674,-18.3339
2022-10-24,1000.0,0,-28.667400000000004,-25.333999999999996
2022-10-24,1000.0,0,-28.667400000000004,-4.0668700000000015
2022-10-24,1000.0,0,-28.667400000000004,-28.333999999999996
2022-10-24,1000.0,0,-15.400769999999998,-25.333999999999996
2022-10-24,1000.0,0,-15.400769999999998,-4.0668700000000015
2022-10-24,1000.0,0,-15.400769999999998,-28.333999999999996
2022-10-24,4413.0,0,-25.0006,-25.333999999999996
2022-10-24,4413.0,0,-25.0006,-4.0668700000000015
2022-10-24,4413.0,0,-25.0006,-28.333999999999996
2022-10-23,2005.0,0,-12.000599999999999,-7.333699999999997
2022-10-23,2005.0,0,-12.000599999999999,-37.3343
2022-10-23,1540.0,0,-54.667899999999996,-7.333699999999997
2022-10-23,1540.0,0,-54.667899999999996,-37.3343
2022-10-21,5502.0,0,-7.267029999999998,-15.000500000000002
2022-10-21,5502.0,0,-7.267029999999998,-16.06724999999999
2022-10-19,1300.0,0,-11.333900000000003,-10.667200000000001
2022-10-18,1500.0,0,-26.640732,-28.667499999999997
2022-10-18,1500.0,0,-26.640732,-22.3341
2022-10-18,1500.0,0,-26.640732,-21.667399999999997
2022-10-18,1500.0,0,-26.640732,-15.000599999999999
2022-10-18,1345.0,0,-23.334,-28.667499999999997
2022-10-18,1345.0,0,-23.334,-22.3341
2022-10-18,1345.0,0,-23.334,-21.667399999999997
2022-10-18,1345.0,0,-23.334,-15.000599999999999
2022-10-18,1110.0,0,-25.334099999999996,-28.667499999999997
2022-10-18,1110.0,0,-25.334099999999996,-22.3341
2022-10-18,1110.0,0,-25.334099999999996,-21.667399999999997
2022-10-18,1110.0,0,-25.334099999999996,-15.000599999999999
2022-10-16,2005.0,0,-8.667099999999998,-6.000299999999999
2022-10-13,2010.0,0,-6.667000000000002,-19.3339
2022-10-12,792.0,0,-23.334,
2022-10-12,792.0,0,-24.000700000000002,
2022-10-11,1500.0,0,-29.0007,-9.667099999999998
2022-10-11,1500.0,0,-29.0007,-12.667200000000005
2022-10-11,1500.0,0,-29.0007,-16.000600000000002
2022-10-11,1500.0,0,-29.0007,-22.0006
2022-10-11,1330.0,0,-29.3341,-9.667099999999998
2022-10-11,1330.0,0,-29.3341,-12.667200000000005
2022-10-11,1330.0,0,-29.3341,-16.000600000000002
2022-10-11,1330.0,0,-29.3341,-22.0006
2022-10-11,1030.0,0,-25.667399999999997,-9.667099999999998
2022-10-11,1030.0,0,-25.667399999999997,-12.667200000000005
2022-10-11,1030.0,0,-25.667399999999997,-16.000600000000002
2022-10-11,1030.0,0,-25.667399999999997,-22.0006
2022-10-11,800.0,0,-43.6678,-9.667099999999998
2022-10-11,800.0,0,-43.6678,-12.667200000000005
2022-10-11,800.0,0,-43.6678,-16.000600000000002
2022-10-11,800.0,0,-43.6678,-22.0006
2022-10-10,1121.0,0,-46.667699999999996,-15.667200000000005
2022-10-10,1121.0,0,-46.667699999999996,-25.334099999999996
2022-10-10,1000.0,0,-29.0008,-15.667200000000005
2022-10-10,1000.0,0,-29.0008,-25.334099999999996
2022-10-09,2006.0,0,-7.333699999999997,-6.666999999999998
2022-10-09,2006.0,0,-7.333699999999997,46.669
2022-10-04,1500.0,0,-27.667399999999997,-10.000500000000002
2022-10-04,1500.0,0,-27.667399999999997,-10.667200000000001
2022-10-04,1500.0,0,-27.667399999999997,-8.333899999999993
2022-10-04,1305.0,0,-27.667399999999997,-10.000500000000002
2022-10-04,1305.0,0,-27.667399999999997,-10.667200000000001
2022-10-04,1305.0,0,-27.667399999999997,-8.333899999999993
2022-10-04,1037.0,0,-27.667399999999994,-10.000500000000002
2022-10-04,1037.0,0,-27.667399999999994,-10.667200000000001
2022-10-04,1037.0,0,-27.667399999999994,-8.333899999999993
2022-10-03,4415.0,0,-26.333999999999996,-23.6673
2022-10-02,2005.0,0,-10.667200000000001,-8.000399999999996
2022-10-02,2005.0,0,-10.667200000000001,-24.667399999999997
2022-09-28,2005.0,0,-28.667400000000004,-14.667200000000001
2022-09-27,1500.0,0,-24.0006,-20.334
2022-09-27,1500.0,0,-24.0006,-20.0006
2022-09-27,1341.0,0,-21.0006,-20.334
2022-09-27,1341.0,0,-21.0006,-20.0006
2022-09-27,1051.0,0,-21.3339,-20.334
2022-09-27,1051.0,0,-21.3339,-20.0006
2022-09-26,997.0,0,-31.0008,-22.6673
2022-09-25,2005.0,0,-27.667399999999997,-24.667399999999997
2022-09-25,2005.0,0,-27.667399999999997,-9.333800000000004
2022-09-25,2005.0,0,-12.000599999999999,-24.667399999999997
2022-09-25,2005.0,0,-12.000599999999999,-9.333800000000004
2022-09-24,2005.0,0,-22.0006,-18.000600000000002
2022-09-20,1500.0,0,-22.310592999999997,-19.000600000000002
2022-09-20,1500.0,0,-22.310592999999997,-13.000500000000002
2022-09-20,1318.0,0,-24.697317999999996,-19.000600000000002
2022-09-20,1318.0,0,-24.697317999999996,-13.000500000000002
2022-09-19,1056.0,0,-32.667500000000004,-20.667299999999997
2022-09-19,1056.0,0,-32.667500000000004,-16.3339
2022-09-19,1056.0,0,-32.667500000000004,-36.000899999999994
2022-09-19,1056.0,0,-34.3341,-20.667299999999997
2022-09-19,1056.0,0,-34.3341,-16.3339
2022-09-19,1056.0,0,-34.3341,-36.000899999999994
2022-09-19,1564.0,0,-53.667899999999996,-20.667299999999997
2022-09-19,1564.0,0,-53.667899999999996,-16.3339
2022-09-19,1564.0,0,-53.667899999999996,-36.000899999999994
2022-09-18,2005.0,0,-4.666900000000002,-4.666900000000002
2022-09-16,5196.0,0,-5.733620000000002,-10.867109999999997
2022-09-14,1448.0,0,-20.000999999999998,-6.000299999999999
2022-09-14,1448.0,0,-20.000999999999998,-7.333699999999997
2022-09-14,1448.0,0,-20.000999999999998,-17.334000000000003
2022-09-14,1282.0,0,-20.000999999999998,-6.000299999999999
2022-09-14,1282.0,0,-20.000999999999998,-7.333699999999997
2022-09-14,1282.0,0,-20.000999999999998,-17.334000000000003
2022-09-14,1399.0,0,-24.0007,-6.000299999999999
2022-09-14,1399.0,0,-24.0007,-7.333699999999997
2022-09-14,1399.0,0,-24.0007,-17.334000000000003
2022-09-13,1500.0,0,-27.747386000000006,-22.000700000000002
2022-09-13,1500.0,0,-27.747386000000006,-21.000700000000002
2022-09-13,1500.0,0,-27.747386000000006,-17.000600000000002
2022-09-13,1307.0,0,-27.840739999999993,-22.000700000000002
2022-09-13,1307.0,0,-27.840739999999993,-21.000700000000002
2022-09-13,1307.0,0,-27.840739999999993,-17.000600000000002
2022-09-13,1000.0,0,-37.334199999999996,-22.000700000000002
2022-09-13,1000.0,0,-37.334199999999996,-21.000700000000002
2022-09-13,1000.0,0,-37.334199999999996,-17.000600000000002
2022-09-12,4411.0,0,-28.000699999999995,-29.000700000000002
2022-09-12,4411.0,0,-28.000699999999995,-23.3341
2022-09-11,2006.0,0,-10.000500000000002,-7.333699999999997
2022-09-11,2006.0,0,-10.000500000000002,44.002199999999995
2022-09-11,2006.0,0,-10.000500000000002,-7.333699999999997
2022-09-11,2006.0,0,-10.000500000000002,-22.0006
2022-09-11,2006.0,0,-10.000500000000002,-32.334199999999996
2022-09-11,1000.0,0,-8.000399999999999,-7.333699999999997
2022-09-11,1000.0,0,-8.000399999999999,44.002199999999995
2022-09-11,1000.0,0,-8.000399999999999,-7.333699999999997
2022-09-11,1000.0,0,-8.000399999999999,-22.0006
2022-09-11,1000.0,0,-8.000399999999999,-32.334199999999996
2022-09-11,1001.0,0,-28.334000000000003,-7.333699999999997
2022-09-11,1001.0,0,-28.334000000000003,44.002199999999995
2022-09-11,1001.0,0,-28.334000000000003,-7.333699999999997
2022-09-11,1001.0,0,-28.334000000000003,-22.0006
2022-09-11,1001.0,0,-28.334000000000003,-32.334199999999996
2022-09-11,2523.0,0,-49.0011,-7.333699999999997
2022-09-11,2523.0,0,-49.0011,44.002199999999995
2022-09-11,2523.0,0,-49.0011,-7.333699999999997
2022-09-11,2523.0,0,-49.0011,-22.0006
2022-09-11,2523.0,0,-49.0011,-32.334199999999996
2022-09-08,1854.0,0,-10.333699999999997,-28.6674
2022-09-07,1228.0,0,-24.667299999999997,-16.0005
2022-09-06,1500.0,0,-28.3341,-15.667200000000001
2022-09-06,1500.0,0,-28.3341,-13.667200000000005
2022-09-06,1337.0,0,-29.334100000000003,-15.667200000000001
2022-09-06,1337.0,0,-29.334100000000003,-13.667200000000005
2022-09-03,1223.0,0,-41.001000000000005,-37.667699999999996
2022-08-31,1001.0,0,-30.334100000000003,-27.6674
2022-08-30,1500.0,0,-24.667299999999997,-16.333899999999996
2022-08-30,1500.0,0,-24.667299999999997,-17.000600000000002
2022-08-30,1342.0,0,-23.6673,-16.333899999999996
2022-08-30,1342.0,0,-23.6673,-17.000600000000002
2022-08-29,1584.0,0,-14.6674,-9.3338
2022-08-29,1584.0,0,-14.6674,-8.000399999999999
2022-08-29,1419.0,0,-15.3341,-9.3338
2022-08-29,1419.0,0,-15.3341,-8.000399999999999
2022-08-28,2007.0,0,-11.3339,-21.667299999999997
2022-08-28,2007.0,0,-11.3339,-6.666999999999998
2022-08-25,1313.0,0,-38.3343,-24.6675
2022-08-23,1500.0,0,-32.33410000000001,-20.000600000000002
2022-08-23,1500.0,0,-32.33410000000001,-20.6673
2022-08-23,1318.0,0,-32.3341,-20.000600000000002
2022-08-23,1318.0,0,-32.3341,-20.6673
2022-08-22,1054.0,0,-36.0009,-18.3339
2022-08-22,1054.0,0,-36.0009,-17.3339
2022-08-22,1054.0,0,-36.0009,-21.6673
2022-08-22,1054.0,0,-36.334199999999996,-18.3339
2022-08-22,1054.0,0,-36.334199999999996,-17.3339
2022-08-22,1054.0,0,-36.334199999999996,-21.6673
2022-08-22,2345.0,0,-6.000299999999999,-18.3339
2022-08-22,2345.0,0,-6.000299999999999,-17.3339
2022-08-22,2345.0,0,-6.000299999999999,-21.6673
2022-08-21,2005.0,0,-11.3339,-6.666999999999998
2022-08-21,2005.0,0,-11.3339,-21.03400999999999
2022-08-21,5647.0,0,-21.33394,-6.666999999999998
2022-08-21,5647.0,0,-21.33394,-21.03400999999999
2022-08-16,1500.0,0,-29.194040999999995,-17.333900000000003
2022-08-16,1500.0,0,-29.194040999999995,-17.3339
2022-08-16,1500.0,0,-29.194040999999995,-20.667299999999997
2022-08-16,1315.0,0,-25.030653,-17.333900000000003
2022-08-16,1315.0,0,-25.030653,-17.3339
2022-08-16,1315.0,0,-25.030653,-20.667299999999997
2022-08-16,1000.0,0,-33.3341,-17.333900000000003
2022-08-16,1000.0,0,-33.3341,-17.3339
2022-08-16,1000.0,0,-33.3341,-20.667299999999997
2022-08-14,2005.0,0,-11.3339,-8.000399999999996
2022-08-14,2005.0,0,-11.3339,-27.000799999999998
2022-08-14,1000.0,0,-29.000800000000005,-8.000399999999996
2022-08-14,1000.0,0,-29.000800000000005,-27.000799999999998
2022-08-10,2004.0,0,-28.3341,-29.000799999999998
2022-08-09,1500.0,0,-32.0008,-31.000799999999995
2022-08-09,1500.0,0,-32.0008,-25.667399999999997
2022-08-09,1331.0,0,-33.667500000000004,-31.000799999999995
2022-08-09,1331.0,0,-33.667500000000004,-25.667399999999997
2022-08-08,1208.0,0,-24.333899999999996,-25.000699999999995
2022-08-08,1208.0,0,-24.333899999999996,-24.000699999999995
2022-08-08,1008.0,0,-24.333899999999996,-25.000699999999995
2022-08-08,1008.0,0,-24.333899999999996,-24.000699999999995
2022-08-07,2005.0,0,-11.3339,-30.334200000000003
2022-08-07,2005.0,0,-11.3339,-10.000500000000002
2022-08-02,1500.0,0,-25.334,-28.000799999999998
2022-08-02,1500.0,0,-25.334,-26.000799999999998
2022-08-02,1325.0,0,-28.000699999999995,-28.000799999999998
2022-08-02,1325.0,0,-28.000699999999995,-26.000799999999998
2022-08-01,1007.0,0,-28.000700000000002,-23.333999999999996
2022-08-01,1007.0,0,-28.000700000000002,-42.3343
2022-08-01,808.0,0,-23.334000000000003,-23.333999999999996
2022-08-01,808.0,0,-23.334000000000003,-42.3343
2022-08-01,751.0,0,-19.0006,-23.333999999999996
2022-08-01,751.0,0,-19.0006,-42.3343
2022-08-01,1538.0,0,-50.3345,-23.333999999999996
2022-08-01,1538.0,0,-50.3345,-42.3343
2022-07-31,4010.0,0,-28.3341,-27.667399999999997
2022-07-31,4010.0,0,-28.3341,-29.334099999999996
2022-07-31,4010.0,0,-28.3341,-31.3341
2022-07-31,4010.0,0,-28.3341,-8.667099999999998
2022-07-31,2006.0,0,-8.667099999999998,-27.667399999999997
2022-07-31,2006.0,0,-8.667099999999998,-29.334099999999996
2022-07-31,2006.0,0,-8.667099999999998,-31.3341
2022-07-31,2006.0,0,-8.667099999999998,-8.667099999999998
2022-07-28,1885.0,0,-14.667099999999998,-34.6675
2022-07-27,1000.0,0,-4.000300000000003,
2022-07-26,1500.0,0,-27.0007,-23.334000000000003
2022-07-26,1500.0,0,-27.0007,-19.000600000000002
2022-07-26,1311.0,0,-33.33410000000001,-23.334000000000003
2022-07-26,1311.0,0,-33.33410000000001,-19.000600000000002
2022-07-24,1000.0,0,-13.334,-10.667200000000001
2022-07-24,1000.0,0,-13.334,-12.000600000000002
2022-07-24,2006.0,0,-12.000599999999999,-10.667200000000001
2022-07-24,2006.0,0,-12.000599999999999,-12.000600000000002
2022-07-21,1005.0,0,-34.3341,
2022-07-20,5841.0,0,-20.167240000000007,-27.6674
2022-07-20,5841.0,0,-20.167240000000007,-27.300780000000003
2022-07-19,1500.0,0,-25.6674,-23.000700000000002
2022-07-19,1500.0,0,-25.6674,-21.334
2022-07-19,1278.0,0,-26.334099999999996,-23.000700000000002
2022-07-19,1278.0,0,-26.334099999999996,-21.334
2022-07-18,1022.0,0,-34.0008,-27.667399999999997
2022-07-18,1022.0,0,-34.0008,-26.0007
2022-07-18,1022.0,0,-34.0008,-15.3341
2022-07-18,1022.0,0,-34.0008,-13.334
2022-07-18,1022.0,0,-34.0008,-28.667400000000004
2022-07-18,1022.0,0,-35.667500000000004,-27.667399999999997
2022-07-18,1022.0,0,-35.667500000000004,-26.0007
2022-07-18,1022.0,0,-35.667500000000004,-15.3341
2022-07-18,1022.0,0,-35.667500000000004,-13.334
2022-07-18,1022.0,0,-35.667500000000004,-28.667400000000004
2022-07-18,1523.0,0,-12.000599999999995,-27.667399999999997
2022-07-18,1523.0,0,-12.000599999999995,-26.0007
2022-07-18,1523.0,0,-12.000599999999995,-15.3341
2022-07-18,1523.0,0,-12.000599999999995,-13.334
2022-07-18,1523.0,0,-12.000599999999995,-28.667400000000004
2022-07-18,1367.0,0,-12.000599999999995,-27.667399999999997
2022-07-18,1367.0,0,-12.000599999999995,-26.0007
2022-07-18,1367.0,0,-12.000599999999995,-15.3341
2022-07-18,1367.0,0,-12.000599999999995,-13.334
2022-07-18,1367.0,0,-12.000599999999995,-28.667400000000004
2022-07-18,1002.0,0,-30.334100000000003,-27.667399999999997
2022-07-18,1002.0,0,-30.334100000000003,-26.0007
2022-07-18,1002.0,0,-30.334100000000003,-15.3341
2022-07-18,1002.0,0,-30.334100000000003,-13.334
2022-07-18,1002.0,0,-30.334100000000003,-28.667400000000004
2022-07-17,2005.0,0,-9.333800000000004,-27.667399999999997
2022-07-17,2005.0,0,-9.333800000000004,-29.334099999999996
2022-07-17,2005.0,0,-9.333800000000004,-8.667099999999998
2022-07-17,1160.0,0,-13.334,-27.667399999999997
2022-07-17,1160.0,0,-13.334,-29.334099999999996
2022-07-17,1160.0,0,-13.334,-8.667099999999998
2022-07-17,1020.0,0,-12.000600000000002,-27.667399999999997
2022-07-17,1020.0,0,-12.000600000000002,-29.334099999999996
2022-07-17,1020.0,0,-12.000600000000002,-8.667099999999998
2022-07-12,1003.0,0,-18.6676,-18.6676
2022-07-12,1003.0,0,-18.6676,-17.334199999999996
2022-07-12,853.0,0,-18.0009,-18.6676
2022-07-12,853.0,0,-18.0009,-17.334199999999996
2022-07-11,1500.0,0,-25.334,-36.0009
2022-07-11,1500.0,0,-25.334,-29.667499999999997
2022-07-11,1304.0,0,-27.0007,-36.0009
2022-07-11,1304.0,0,-27.0007,-29.667499999999997
2022-07-10,2005.0,0,-9.333800000000004,-9.333800000000004
2022-07-10,2005.0,0,-9.333800000000004,-9.333800000000004
2022-07-07,849.0,0,-36.6676,-36.3342
2022-07-05,1500.0,0,-39.3342,-25.000700000000002
2022-07-05,1500.0,0,-39.3342,-25.000700000000002
2022-07-05,1500.0,0,-39.3342,-47.001
2022-07-05,1345.0,0,-36.667500000000004,-25.000700000000002
2022-07-05,1345.0,0,-36.667500000000004,-25.000700000000002
2022-07-05,1345.0,0,-36.667500000000004,-47.001
2022-07-05,1549.0,0,-50.001099999999994,-25.000700000000002
2022-07-05,1549.0,0,-50.001099999999994,-25.000700000000002
2022-07-05,1549.0,0,-50.001099999999994,-47.001
2022-07-04,6174.0,0,-43.334399999999995,-29.000799999999995
2022-07-04,6174.0,0,-43.334399999999995,-29.000799999999995
2022-07-03,999.0,0,-28.000700000000002,-30.6674
2022-07-03,999.0,0,-28.000700000000002,-28.667400000000004
2022-07-02,1000.0,0,-18.000600000000002,-30.334099999999996
2022-06-30,1308.0,0,-16.000400000000006,-31.3341
2022-06-30,1308.0,0,-16.000400000000006,-31.334099999999996
2022-06-28,1500.0,0,-31.667400000000004,-27.3341
2022-06-28,1500.0,0,-31.667400000000004,-23.6674
2022-06-28,1359.0,0,-34.0008,-27.3341
2022-06-28,1359.0,0,-34.0008,-23.6674
2022-06-27,1200.0,0,-23.667299999999997,-29.3341
2022-06-26,2004.0,0,-9.333800000000004,-10.667200000000001
2022-06-21,1500.0,0,-30.334099999999996,-22.6673
2022-06-21,1500.0,0,-30.334099999999996,-17.333900000000003
2022-06-21,1290.0,0,-30.334100000000003,-22.6673
2022-06-21,1290.0,0,-30.334100000000003,-17.333900000000003
2022-06-20,1030.0,0,-13.334,-22.667199999999998
2022-06-20,1030.0,0,-13.334,-22.333899999999996
2022-06-20,1030.0,0,-13.334,-8.000399999999996
2022-06-20,1030.0,0,-27.334000000000003,-22.667199999999998
2022-06-20,1030.0,0,-27.334000000000003,-22.333899999999996
2022-06-20,1030.0,0,-27.334000000000003,-8.000399999999996
2022-06-20,2004.0,0,-8.000399999999996,-22.667199999999998
2022-06-20,2004.0,0,-8.000399999999996,-22.333899999999996
2022-06-20,2004.0,0,-8.000399999999996,-8.000399999999996
2022-06-18,5753.0,0,-19.03389,-30.90083
2022-06-14,1500.0,0,-31.000799999999995,-15.333800000000004
2022-06-14,1500.0,0,-31.000799999999995,-13.333800000000004
2022-06-14,1304.0,0,-27.3341,-15.333800000000004
2022-06-14,1304.0,0,-27.3341,-13.333800000000004
2022-06-13,1002.0,0,-22.0006,-32.3342
2022-06-13,1002.0,0,-22.0006,-27.0007
2022-06-13,1002.0,0,-22.0006,-26.6674
2022-06-13,1541.0,0,-21.3339,-32.3342
2022-06-13,1541.0,0,-21.3339,-27.0007
2022-06-13,1541.0,0,-21.3339,-26.6674
2022-06-13,1243.0,0,-21.3339,-32.3342
2022-06-13,1243.0,0,-21.3339,-27.0007
2022-06-13,1243.0,0,-21.3339,-26.6674
2022-06-12,2005.0,0,-9.333800000000004,-8.000399999999996
2022-06-07,1500.0,0,-25.0006,-17.0006
2022-06-07,1500.0,0,-25.0006,-17.000600000000006
2022-06-07,1500.0,0,-25.0006,-25.3341
2022-06-07,1314.0,0,-26.667299999999997,-17.0006
2022-06-07,1314.0,0,-26.667299999999997,-17.000600000000006
2022-06-07,1314.0,0,-26.667299999999997,-25.3341
2022-06-07,1000.0,0,-19.000500000000002,-17.0006
2022-06-07,1000.0,0,-19.000500000000002,-17.000600000000006
2022-06-07,1000.0,0,-19.000500000000002,-25.3341
2022-06-06,1691.0,0,-43.3344,
2022-06-05,2006.0,0,-29.6674,-32.0008
2022-05-31,1500.0,0,-20.6672,-22.334000000000003
2022-05-31,1500.0,0,-20.6672,-18.667300000000004
2022-05-31,1280.0,0,-23.0006,-22.334000000000003
2022-05-31,1280.0,0,-23.0006,-18.667300000000004
2022-05-26,1000.0,0,-6.666999999999998,-8.667099999999998
2022-05-26,1000.0,0,-6.666999999999998,-30.000699999999995
2022-05-24,1500.0,0,-22.6673,-17.333900000000003
2022-05-24,1500.0,0,-22.6673,-15.667200000000001
2022-05-24,1332.0,0,-20.0006,-17.333900000000003
2022-05-24,1332.0,0,-20.0006,-15.667200000000001
2022-05-23,1020.0,0,-32.667500000000004,-23.333999999999996
2022-05-23,1020.0,0,-32.667500000000004,-23.667299999999997
2022-05-23,1020.0,0,-32.667500000000004,-25.333999999999996
2022-05-23,1020.0,0,-30.6674,-23.333999999999996
2022-05-23,1020.0,0,-30.6674,-23.667299999999997
2022-05-23,1020.0,0,-30.6674,-25.333999999999996
2022-05-23,998.0,0,-16.0005,-23.333999999999996
2022-05-23,998.0,0,-16.0005,-23.667299999999997
2022-05-23,998.0,0,-16.0005,-25.333999999999996
2022-05-22,2005.0,0,-9.333799999999997,-8.000399999999996
2022-05-19,1963.0,0,-15.667100000000001,-26.0007
2022-05-19,1963.0,0,-15.667100000000001,-17.333900000000003
2022-05-19,1963.0,0,-15.667100000000001,-10.000499999999995
2022-05-19,1004.0,0,-17.334199999999996,-26.0007
2022-05-19,1004.0,0,-17.334199999999996,-17.333900000000003
2022-05-19,1004.0,0,-17.334199999999996,-10.000499999999995
2022-05-17,1500.0,0,-31.000699999999995,-16.000500000000002
2022-05-17,1500.0,0,-31.000699999999995,-17.333900000000003
2022-05-17,1338.0,0,-31.6674,-16.000500000000002
2022-05-17,1338.0,0,-31.6674,-17.333900000000003
2022-05-16,2005.0,0,-10.000500000000002,-27.0007
2022-05-16,2005.0,0,-10.000500000000002,-24.667399999999997
2022-05-16,2005.0,0,-10.000500000000002,-7.333699999999997
2022-05-15,5765.0,0,-25.000940000000003,-25.33408
2022-05-15,5765.0,0,-25.000940000000003,-25.0007
2022-05-15,5765.0,0,-25.000940000000003,-24.6673
2022-05-10,1500.0,0,-29.333999999999996,-22.6673
2022-05-10,1500.0,0,-29.333999999999996,-19.3339
2022-05-10,1500.0,0,-29.333999999999996,-29.3341
2022-05-10,1357.0,0,-29.334000000000003,-22.6673
2022-05-10,1357.0,0,-29.334000000000003,-19.3339
2022-05-10,1357.0,0,-29.334000000000003,-29.3341
2022-05-10,1000.0,0,-29.000700000000002,-22.6673
2022-05-10,1000.0,0,-29.000700000000002,-19.3339
2022-05-10,1000.0,0,-29.000700000000002,-29.3341
2022-05-09,2005.0,0,-8.000399999999996,-8.667099999999998
2022-05-09,2005.0,0,-8.000399999999996,-23.3341
2022-05-09,999.0,0,-26.333999999999996,-8.667099999999998
2022-05-09,999.0,0,-26.333999999999996,-23.3341
2022-05-05,2006.0,0,-48.667699999999996,-24.6674
2022-05-03,1955.0,0,-8.667099999999998,-6.666999999999998
2022-05-03,1955.0,0,-8.667099999999998,-17.000500000000002
2022-05-03,1955.0,0,-8.667099999999998,-10.667100000000005
2022-05-03,1955.0,0,-8.667099999999998,-25.000700000000002
2022-05-03,1500.0,0,-28.333999999999996,-6.666999999999998
2022-05-03,1500.0,0,-28.333999999999996,-17.000500000000002
2022-05-03,1500.0,0,-28.333999999999996,-10.667100000000005
2022-05-03,1500.0,0,-28.333999999999996,-25.000700000000002
2022-05-03,1303.0,0,-27.667300000000004,-6.666999999999998
2022-05-03,1303.0,0,-27.667300000000004,-17.000500000000002
2022-05-03,1303.0,0,-27.667300000000004,-10.667100000000005
2022-05-03,1303.0,0,-27.667300000000004,-25.000700000000002
2022-05-02,2000.0,0,-8.000399999999996,-6.666999999999998
2022-05-02,2000.0,0,-8.000399999999996,-20.0006
2022-05-02,999.0,0,-25.333999999999996,-6.666999999999998
2022-05-02,999.0,0,-25.333999999999996,-20.0006
2022-05-02,997.0,0,-44.001,-6.666999999999998
2022-05-02,997.0,0,-44.001,-20.0006
2022-04-28,1003.0,0,-22.334,-9.000400000000006
2022-04-28,1003.0,0,-22.334,-5.333600000000001
2022-04-28,1000.0,0,-5.333600000000001,-9.000400000000006
2022-04-28,1000.0,0,-5.333600000000001,-5.333600000000001
2022-04-27,1500.0,0,-24.000700000000002,-21.667300000000004
2022-04-27,1500.0,0,-24.000700000000002,-19.000600000000002
2022-04-27,1500.0,0,-24.000700000000002,-19.3339
2022-04-27,1327.0,0,-30.000799999999998,-21.667300000000004
2022-04-27,1327.0,0,-30.000799999999998,-19.000600000000002
2022-04-27,1327.0,0,-30.000799999999998,-19.3339
2022-04-27,800.0,0,-6.333600000000001,-21.667300000000004
2022-04-27,800.0,0,-6.333600000000001,-19.000600000000002
2022-04-27,800.0,0,-6.333600000000001,-19.3339
2022-04-26,1000.0,0,0.033099999999997465,-20.50077
2022-04-26,1000.0,0,0.033099999999997465,-23.334
2022-04-26,1000.0,0,0.033099999999997465,-7.3337
2022-04-26,1000.0,0,0.033099999999997465,-8.000399999999999
2022-04-26,1377.0,0,-10.667199999999998,-20.50077
2022-04-26,1377.0,0,-10.667199999999998,-23.334
2022-04-26,1377.0,0,-10.667199999999998,-7.3337
2022-04-26,1377.0,0,-10.667199999999998,-8.000399999999999
2022-04-26,1162.0,0,-11.333900000000003,-20.50077
2022-04-26,1162.0,0,-11.333900000000003,-23.334
2022-04-26,1162.0,0,-11.333900000000003,-7.3337
2022-04-26,1162.0,0,-11.333900000000003,-8.000399999999999
2022-04-25,2004.0,0,-8.667099999999998,-6.000299999999999
2022-04-25,2004.0,0,-8.667099999999998,-29.000799999999998
2022-04-21,1966.0,0,-12.000399999999999,-21.000600000000002
2022-04-21,1966.0,0,-12.000399999999999,-27.3341
2022-04-20,1001.0,0,-35.334199999999996,-23.6674
2022-04-20,1001.0,0,-35.334199999999996,-23.000700000000002
2022-04-20,1001.0,0,-33.0008,-23.6674
2022-04-20,1001.0,0,-33.0008,-23.000700000000002
2022-04-19,1500.0,0,-16.000499999999995,-15.667100000000001
2022-04-19,1500.0,0,-16.000499999999995,-15.667100000000001
2022-04-19,1252.0,0,-16.333800000000004,-15.667100000000001
2022-04-19,1252.0,0,-16.333800000000004,-15.667100000000001
2022-04-18,5846.0,0,-17.33385,-19.26728
2022-04-18,5846.0,0,-17.33385,-20.334
2022-04-18,997.0,0,-25.333999999999996,-19.26728
2022-04-18,997.0,0,-25.333999999999996,-20.334
2022-04-17,2005.0,0,-10.000500000000002,-4.000200000000003
2022-04-12,1500.0,0,-24.334,-11.667099999999998
2022-04-12,1500.0,0,-24.334,-7.3337
2022-04-12,1303.0,0,-24.334,-11.667099999999998
2022-04-12,1303.0,0,-24.334,-7.3337
2022-04-11,1000.0,0,4.666900000000002,-24.667399999999997
2022-04-11,1000.0,0,4.666900000000002,-28.667399999999997
2022-04-11,1000.0,0,4.666900000000002,-9.333800000000004
2022-04-11,1000.0,0,4.666900000000002,-20.0006
2022-04-11,2005.0,0,-10.667200000000001,-24.667399999999997
2022-04-11,2005.0,0,-10.667200000000001,-28.667399999999997
2022-04-11,2005.0,0,-10.667200000000001,-9.333800000000004
2022-04-11,2005.0,0,-10.667200000000001,-20.0006
2022-04-11,1000.0,0,-24.334000000000003,-24.667399999999997
2022-04-11,1000.0,0,-24.334000000000003,-28.667399999999997
2022-04-11,1000.0,0,-24.334000000000003,-9.333800000000004
2022-04-11,1000.0,0,-24.334000000000003,-20.0006
2022-04-05,1500.0,0,-30.667399999999997,-19.333900000000003
2022-04-05,1500.0,0,-30.667399999999997,-18.3339
2022-04-05,1287.0,0,-29.667399999999994,-19.333900000000003
2022-04-05,1287.0,0,-29.667399999999994,-18.3339
2022-04-04,2003.0,0,-10.000500000000002,-7.333699999999997
2022-04-04,2003.0,0,-10.000500000000002,-15.667200000000001
2022-04-04,998.0,0,-24.0006,-7.333699999999997
2022-04-04,998.0,0,-24.0006,-15.667200000000001
2022-03-29,1500.0,0,-19.6673,-19.000600000000002
2022-03-29,1500.0,0,-19.6673,-16.333900000000003
2022-03-29,1313.0,0,-21.334,-19.000600000000002
2022-03-29,1313.0,0,-21.334,-16.333900000000003
2022-03-27,2006.0,0,-9.333799999999997,-7.333699999999997
2022-03-24,1990.0,0,-1.6668999999999983,-24.667299999999997
2022-03-24,1990.0,0,-1.6668999999999983,-6.000299999999999
2022-03-24,1004.0,0,-16.667499999999997,-24.667299999999997
2022-03-24,1004.0,0,-16.667499999999997,-6.000299999999999
2022-03-22,1500.0,0,-21.000600000000002,-16.000500000000002
2022-03-22,1500.0,0,-21.000600000000002,-14.000500000000002
2022-03-22,1500.0,0,-21.000600000000002,-21.667299999999997
2022-03-22,1500.0,0,-21.000600000000002,-26.000699999999995
2022-03-22,1270.0,0,-24.667299999999997,-16.000500000000002
2022-03-22,1270.0,0,-24.667299999999997,-14.000500000000002
2022-03-22,1270.0,0,-24.667299999999997,-21.667299999999997
2022-03-22,1270.0,0,-24.667299999999997,-26.000699999999995
2022-03-22,1000.0,0,-9.333800000000004,-16.000500000000002
2022-03-22,1000.0,0,-9.333800000000004,-14.000500000000002
2022-03-22,1000.0,0,-9.333800000000004,-21.667299999999997
2022-03-22,1000.0,0,-9.333800000000004,-26.000699999999995
2022-03-21,2005.0,0,-10.000500000000002,-6.666999999999998
2022-03-21,2005.0,0,-10.000500000000002,-20.3339
2022-03-21,2005.0,0,-10.000500000000002,-17.000500000000002
2022-03-21,2005.0,0,-10.000500000000002,-30.000799999999998
2022-03-21,2005.0,0,-10.000500000000002,-6.667000000000002
2022-03-21,1050.0,0,-31.3341,-6.666999999999998
2022-03-21,1050.0,0,-31.3341,-20.3339
2022-03-21,1050.0,0,-31.3341,-17.000500000000002
2022-03-21,1050.0,0,-31.3341,-30.000799999999998
2022-03-21,1050.0,0,-31.3341,-6.667000000000002
2022-03-21,1050.0,0,-28.000700000000002,-6.666999999999998
2022-03-21,1050.0,0,-28.000700000000002,-20.3339
2022-03-21,1050.0,0,-28.000700000000002,-17.000500000000002
2022-03-21,1050.0,0,-28.000700000000002,-30.000799999999998
2022-03-21,1050.0,0,-28.000700000000002,-6.667000000000002
2022-03-21,1000.0,0,-10.667199999999998,-6.666999999999998
2022-03-21,1000.0,0,-10.667199999999998,-20.3339
2022-03-21,1000.0,0,-10.667199999999998,-17.000500000000002
2022-03-21,1000.0,0,-10.667199999999998,-30.000799999999998
2022-03-21,1000.0,0,-10.667199999999998,-6.667000000000002
2022-03-21,2000.0,0,-28.257486000000004,-6.666999999999998
2022-03-21,2000.0,0,-28.257486000000004,-20.3339
2022-03-21,2000.0,0,-28.257486000000004,-17.000500000000002
2022-03-21,2000.0,0,-28.257486000000004,-30.000799999999998
2022-03-21,2000.0,0,-28.257486000000004,-6.667000000000002
2022-03-20,1023.0,0,22.633439999999993,-8.266969999999993
2022-03-20,1023.0,0,22.633439999999993,-23.333999999999996
2022-03-20,1000.0,0,-24.000599999999995,-8.266969999999993
2022-03-20,1000.0,0,-24.000599999999995,-23.333999999999996
2022-03-20,2007.0,0,-39.3343,-8.266969999999993
2022-03-20,2007.0,0,-39.3343,-23.333999999999996
2022-03-15,1500.0,0,-25.6674,-20.3339
2022-03-15,1500.0,0,-25.6674,-21.3339
2022-03-15,1292.0,0,-24.0007,-20.3339
2022-03-15,1292.0,0,-24.0007,-21.3339
2022-03-14,1000.0,0,-5.333600000000001,-4.666900000000002
2022-03-14,1000.0,0,-5.333600000000001,-8.667099999999998
2022-03-14,1000.0,0,-5.333600000000001,-24.667299999999997
2022-03-14,1000.0,0,-5.333600000000001,-21.667300000000004
2022-03-14,1000.0,0,-5.333600000000001,-18.000600000000002
2022-03-14,1000.0,0,-5.333600000000001,-20.000600000000002
2022-03-14,2005.0,0,-8.667099999999998,-4.666900000000002
2022-03-14,2005.0,0,-8.667099999999998,-8.667099999999998
2022-03-14,2005.0,0,-8.667099999999998,-24.667299999999997
2022-03-14,2005.0,0,-8.667099999999998,-21.667300000000004
2022-03-14,2005.0,0,-8.667099999999998,-18.000600000000002
2022-03-14,2005.0,0,-8.667099999999998,-20.000600000000002
2022-03-14,1623.0,0,-31.3341,-4.666900000000002
2022-03-14,1623.0,0,-31.3341,-8.667099999999998
2022-03-14,1623.0,0,-31.3341,-24.667299999999997
2022-03-14,1623.0,0,-31.3341,-21.667300000000004
2022-03-14,1623.0,0,-31.3341,-18.000600000000002
2022-03-14,1623.0,0,-31.3341,-20.000600000000002
2022-03-14,1225.0,0,-36.3342,-4.666900000000002
2022-03-14,1225.0,0,-36.3342,-8.667099999999998
2022-03-14,1225.0,0,-36.3342,-24.667299999999997
2022-03-14,1225.0,0,-36.3342,-21.667300000000004
2022-03-14,1225.0,0,-36.3342,-18.000600000000002
2022-03-14,1225.0,0,-36.3342,-20.000600000000002
2022-03-14,6565.0,0,-29.6674,-4.666900000000002
2022-03-14,6565.0,0,-29.6674,-8.667099999999998
2022-03-14,6565.0,0,-29.6674,-24.667299999999997
2022-03-14,6565.0,0,-29.6674,-21.667300000000004
2022-03-14,6565.0,0,-29.6674,-18.000600000000002
2022-03-14,6565.0,0,-29.6674,-20.000600000000002
2022-03-09,800.0,0,-18.6672,-23.333999999999996
2022-03-08,1500.0,0,-25.0006,-10.667099999999998
2022-03-08,1500.0,0,-25.0006,-6.3337
2022-03-08,1227.0,0,-25.0006,-10.667099999999998
2022-03-08,1227.0,0,-25.0006,-6.3337
2022-03-07,1000.0,0,-29.334100000000003,-17.3339
2022-03-07,1000.0,0,-29.334100000000003,-17.3339
2022-03-07,1000.0,0,-29.334100000000003,-17.3339
2022-03-07,1000.0,0,-29.334100000000003,-32.0008
2022-03-07,1500.0,0,-28.3341,-17.3339
2022-03-07,1500.0,0,-28.3341,-17.3339
2022-03-07,1500.0,0,-28.3341,-17.3339
2022-03-07,1500.0,0,-28.3341,-32.0008
2022-03-06,2005.0,0,-4.666900000000002,-17.333900000000003
2022-03-06,2005.0,0,-4.666900000000002,-4.000200000000003
2022-03-01,1500.0,0,-19.333900000000003,-15.667199999999998
2022-03-01,1500.0,0,-19.333900000000003,-15.667200000000001
2022-03-01,1205.0,0,-17.6672,-15.667199999999998
2022-03-01,1205.0,0,-17.6672,-15.667200000000001
2022-02-27,2004.0,0,-9.333800000000004,-17.000600000000002
2022-02-27,2004.0,0,-9.333800000000004,-8.667099999999998
2022-02-27,2004.0,0,-9.333800000000004,-23.334000000000003
2022-02-27,2004.0,0,-9.333800000000004,-22.334
2022-02-27,1532.0,0,-33.0008,-17.000600000000002
2022-02-27,1532.0,0,-33.0008,-8.667099999999998
2022-02-27,1532.0,0,-33.0008,-23.334000000000003
2022-02-27,1532.0,0,-33.0008,-22.334
2022-02-27,1168.0,0,-36.0009,-17.000600000000002
2022-02-27,1168.0,0,-36.0009,-8.667099999999998
2022-02-27,1168.0,0,-36.0009,-23.334000000000003
2022-02-27,1168.0,0,-36.0009,-22.334
2022-02-24,2026.0,0,-6.000299999999999,-34.0008
2022-02-23,1078.0,0,-28.000799999999998,-16.6672
2022-02-22,1500.0,0,-18.6672,-21.6673
2022-02-22,1500.0,0,-18.6672,-15.667200000000005
2022-02-22,1500.0,0,-18.6672,-27.6674
2022-02-22,1500.0,0,-18.6672,-25.333999999999996
2022-02-22,1500.0,0,-18.6672,-26.667299999999997
2022-02-22,1290.0,0,-19.3339,-21.6673
2022-02-22,1290.0,0,-19.3339,-15.667200000000005
2022-02-22,1290.0,0,-19.3339,-27.6674
2022-02-22,1290.0,0,-19.3339,-25.333999999999996
2022-02-22,1290.0,0,-19.3339,-26.667299999999997
2022-02-22,1001.0,0,-21.667299999999997,-21.6673
2022-02-22,1001.0,0,-21.667299999999997,-15.667200000000005
2022-02-22,1001.0,0,-21.667299999999997,-27.6674
2022-02-22,1001.0,0,-21.667299999999997,-25.333999999999996
2022-02-22,1001.0,0,-21.667299999999997,-26.667299999999997
2022-02-22,1395.0,0,-26.000699999999995,-21.6673
2022-02-22,1395.0,0,-26.000699999999995,-15.667200000000005
2022-02-22,1395.0,0,-26.000699999999995,-27.6674
2022-02-22,1395.0,0,-26.000699999999995,-25.333999999999996
2022-02-22,1395.0,0,-26.000699999999995,-26.667299999999997
2022-02-21,2005.0,0,-9.333799999999997,-3.333500000000001
2022-02-16,1000.0,0,-5.333600000000001,-2.666800000000002
2022-02-15,1500.0,0,-26.334000000000003,-22.6673
2022-02-15,1500.0,0,-26.334000000000003,-20.6673
2022-02-15,1231.0,0,-27.0007,-22.6673
2022-02-15,1231.0,0,-27.0007,-20.6673
2022-02-13,2005.0,0,-10.000500000000002,-6.666999999999998
2022-02-13,2005.0,0,-10.000500000000002,-24.6674
2022-02-09,800.0,0,-11.3337,-11.000400000000003
2022-02-08,1500.0,0,-29.000699999999995,-22.6673
2022-02-08,1500.0,0,-29.000699999999995,-21.6673
2022-02-08,1255.0,0,-27.333999999999996,-22.6673
2022-02-08,1255.0,0,-27.333999999999996,-21.6673
2022-02-07,1000.0,0,-24.000699999999995,-25.667399999999994
2022-02-07,1000.0,0,-24.000699999999995,-17.6673
2022-02-07,1000.0,0,-24.000699999999995,-14.3338
2022-02-07,4404.0,0,-34.0008,-25.667399999999994
2022-02-07,4404.0,0,-34.0008,-17.6673
2022-02-07,4404.0,0,-34.0008,-14.3338
2022-02-06,2005.0,0,-8.667099999999998,-8.667099999999998
2022-02-06,2005.0,0,-8.667099999999998,-17.333800000000004
2022-02-01,1500.0,0,-31.667400000000004,-15.000500000000006
2022-02-01,1500.0,0,-31.667400000000004,-12.333800000000004
2022-02-01,1273.0,0,-28.667400000000004,-15.000500000000006
2022-02-01,1273.0,0,-28.667400000000004,-12.333800000000004
2022-01-30,2005.0,0,-8.667099999999998,-4.666900000000002
2022-01-27,5837.0,0,-25.667360000000002,-25.234059999999996
2022-01-25,1500.0,0,-29.333999999999996,-27.667399999999997
2022-01-25,1500.0,0,-29.333999999999996,-24.0007
2022-01-25,1249.0,0,-27.333999999999996,-27.667399999999997
2022-01-25,1249.0,0,-27.333999999999996,-24.0007
2022-01-24,1000.0,0,-24.667299999999997,-21.334
2022-01-24,1568.0,0,-22.3339,-21.334
2022-01-24,1181.0,0,-22.3339,-21.334
2022-01-23,2005.0,0,-8.667099999999998,-7.333699999999997
2022-01-23,2005.0,0,-8.667099999999998,-18.334000000000003
2022-01-23,2005.0,0,-8.667099999999998,-24.6674
2022-01-23,2005.0,0,-8.667099999999998,-9.667100000000005
2022-01-23,2005.0,0,-8.667099999999998,-30.3342
2022-01-23,1029.0,0,-33.0008,-7.333699999999997
2022-01-23,1029.0,0,-33.0008,-18.334000000000003
2022-01-23,1029.0,0,-33.0008,-24.6674
2022-01-23,1029.0,0,-33.0008,-9.667100000000005
2022-01-23,1029.0,0,-33.0008,-30.3342
2022-01-21,1000.0,0,-23.334500000000002,-4.000200000000003
2022-01-20,1815.0,0,-2.333500000000001,-29.000700000000002
2022-01-18,1500.0,0,-28.333999999999996,-21.667300000000004
2022-01-18,1500.0,0,-28.333999999999996,-19.000600000000002
2022-01-18,1500.0,0,-28.333999999999996,-16.6672
2022-01-18,1500.0,0,-28.333999999999996,-27.667300000000004
2022-01-18,1500.0,0,-28.333999999999996,-10.667100000000005
2022-01-18,1152.0,0,-30.000700000000002,-21.667300000000004
2022-01-18,1152.0,0,-30.000700000000002,-19.000600000000002
2022-01-18,1152.0,0,-30.000700000000002,-16.6672
2022-01-18,1152.0,0,-30.000700000000002,-27.667300000000004
2022-01-18,1152.0,0,-30.000700000000002,-10.667100000000005
2022-01-18,1000.0,0,-28.000700000000002,-21.667300000000004
2022-01-18,1000.0,0,-28.000700000000002,-19.000600000000002
2022-01-18,1000.0,0,-28.000700000000002,-16.6672
2022-01-18,1000.0,0,-28.000700000000002,-27.667300000000004
2022-01-18,1000.0,0,-28.000700000000002,-10.667100000000005
2022-01-18,1161.0,0,-52.3345,-21.667300000000004
2022-01-18,1161.0,0,-52.3345,-19.000600000000002
2022-01-18,1161.0,0,-52.3345,-16.6672
2022-01-18,1161.0,0,-52.3345,-27.667300000000004
2022-01-18,1161.0,0,-52.3345,-10.667100000000005
2022-01-16,2005.0,0,-8.667099999999998,-7.333699999999997
2022-01-16,2005.0,0,-8.667099999999998,-24.000700000000002
2022-01-16,2005.0,0,-8.667099999999998,-18.000600000000002
2022-01-11,1500.0,0,-26.667299999999997,-14.333799999999997
2022-01-11,1500.0,0,-26.667299999999997,-10.333699999999997
2022-01-11,1258.0,0,-29.000700000000002,-14.333799999999997
2022-01-11,1258.0,0,-29.000700000000002,-10.333699999999997
2022-01-10,1000.0,0,-24.667299999999997,-15.333900000000003
2022-01-09,2000.0,0,-10.000500000000002,-6.000299999999999
2022-01-09,2000.0,0,-10.000500000000002,-17.6672
2022-01-09,2000.0,0,-10.000500000000002,-19.000600000000002
2022-01-09,2000.0,0,-10.000500000000002,-13.667199999999998
2022-01-06,1000.0,0,-25.200719999999997,-13.967170000000007
2022-01-05,1016.0,0,-0.00019999999999953388,
2022-01-05,1000.0,0,1.6664999999999992,
2022-01-04,1500.0,0,-30.3341,-20.334000000000003
2022-01-04,1500.0,0,-30.3341,-18.334000000000003
2022-01-04,1500.0,0,-30.3341,5.333599999999997
2022-01-04,1201.0,0,-29.6674,-20.334000000000003
2022-01-04,1201.0,0,-29.6674,-18.334000000000003
2022-01-04,1201.0,0,-29.6674,5.333599999999997
2022-01-04,1000.0,0,-8.000399999999999,-20.334000000000003
2022-01-04,1000.0,0,-8.000399999999999,-18.334000000000003
2022-01-04,1000.0,0,-8.000399999999999,5.333599999999997
2021-12-31,1000.0,0,-31.667500000000004,
2021-12-21,1500.0,0,-26.333999999999996,
2021-12-21,1315.0,0,-30.334099999999996,
2021-12-20,1998.0,0,-4.666900000000002,
2021-12-20,1895.0,0,-33.6675,
2021-12-17,4407.0,0,-22.333900000000003,
2021-12-14,1500.0,0,-30.334099999999996,
2021-12-14,1267.0,0,-30.334099999999996,
2021-12-13,1998.0,0,-6.000299999999999,
2021-12-13,1020.0,0,-19.3339,
2021-12-09,800.0,0,-7.000299999999999,
2021-12-07,1500.0,0,-30.334000000000003,
2021-12-07,1265.0,0,-32.6674,
2021-12-06,2000.0,0,-7.3337,
2021-12-06,1000.0,0,-22.0006,
2021-12-02,1989.0,0,-11.333699999999997,
2021-11-30,1500.0,0,-35.3342,
2021-11-30,1272.0,0,-34.334199999999996,
2021-11-23,1500.0,0,-26.333999999999996,
2021-11-23,1249.0,0,-26.333999999999996,
2021-11-22,1000.0,0,-20.0006,
2021-11-22,1500.0,0,-28.3341,
2021-11-18,1013.0,0,-22.0007,
2021-11-18,839.0,0,-24.667399999999997,
2021-11-16,1500.0,0,-33.000800000000005,
2021-11-16,1299.0,0,-31.0008,
2021-11-15,1998.0,0,-6.666999999999998,
2021-11-10,1004.0,0,-22.001099999999997,
2021-11-09,1500.0,0,-26.333999999999996,
2021-11-09,1258.0,0,-33.000800000000005,
2021-11-09,800.0,0,-36.667500000000004,
2021-11-08,1003.0,0,-26.000699999999995,
2021-11-07,1998.0,0,-6.000299999999999,
2021-11-07,2523.0,0,0.6664999999999992,
2021-11-05,1000.0,0,-2.2001099999999987,
2021-11-02,1500.0,0,-31.3341,
2021-11-02,1303.0,0,-31.3341,
2021-11-01,1996.0,0,-6.000299999999999,
2021-10-28,1688.0,0,-13.000399999999999,
2021-10-26,1500.0,0,-29.667399999999994,
2021-10-26,1261.0,0,-32.3341,
2021-10-26,1000.0,0,-24.667300000000004,
2021-10-25,1001.0,0,-21.3339,
2021-10-24,1999.0,0,-7.333699999999997,
2021-10-19,1500.0,0,-24.000700000000002,
2021-10-19,1268.0,0,-25.6674,
2021-10-19,1098.0,0,-34.334,
2021-10-19,915.0,0,-28.667300000000004,
2021-10-18,1998.0,0,-6.000299999999999,
2021-10-18,1342.0,0,-8.667100000000001,
2021-10-18,1168.0,0,-7.3337,
2021-10-12,1500.0,0,-24.667299999999997,
2021-10-12,1266.0,0,-27.0007,
2021-10-11,1999.0,0,-10.000500000000002,
2021-10-11,1001.0,0,-24.667299999999997,
2021-10-05,1500.0,0,-26.333999999999996,
2021-10-05,1261.0,0,-31.3341,
2021-10-04,1998.0,0,-7.333699999999997,
2021-09-29,2508.0,0,-48.0011,
2021-09-28,1500.0,0,-31.3341,
2021-09-28,1246.0,0,-33.0008,
2021-09-27,1999.0,0,-9.333800000000004,
2021-09-27,1000.0,0,-25.333999999999996,
2021-09-23,1005.0,0,-32.6675,
2021-09-23,829.0,0,-34.3342,
2021-09-21,1500.0,0,-23.0006,
2021-09-21,1281.0,0,-23.0006,
2021-09-20,1998.0,0,-10.000500000000002,-8.667099999999998
2021-09-16,1578.0,0,-5.000300000000003,
2021-09-14,1500.0,0,-30.0007,
2021-09-14,1252.0,0,-32.3341,
2021-09-13,1997.0,0,-7.333699999999997,
2021-09-13,995.0,0,-26.667399999999997,
2021-09-08,1000.0,0,-8.000399999999999,
2021-09-07,1500.0,0,-20.000500000000002,
2021-09-07,1264.0,0,-22.6672,
2021-09-02,1775.0,0,-21.3339,
2021-08-31,1500.0,0,-24.0006,
2021-08-31,1262.0,0,-24.667299999999997,
2021-08-30,1997.0,0,-6.000299999999999,
2021-08-30,1002.0,0,-22.0006,
2021-08-30,5415.0,0,-52.6678,
2021-08-24,1996.0,0,-5.333600000000001,
2021-08-24,1500.0,0,-30.667399999999997,
2021-08-24,1242.0,0,-26.333999999999996,
2021-08-18,1016.0,0,-33.0008,
2021-08-18,750.0,0,-16.6671,
2021-08-17,1500.0,0,-28.6674,
2021-08-17,1250.0,0,-28.667399999999997,
2021-08-17,1000.0,0,-23.0006,
2021-08-16,1999.0,0,-9.333799999999997,
2021-08-16,1001.0,0,-31.000700000000002,
2021-08-10,1500.0,0,-28.667399999999997,
2021-08-10,1251.0,0,-26.0007,
2021-08-09,1996.0,0,-6.000299999999999,
2021-08-03,1500.0,0,-27.0007,
2021-08-03,1233.0,0,-27.667399999999997,
2021-08-02,1998.0,0,-9.333800000000004,
2021-08-02,1000.0,0,-31.3341,
2021-07-29,1788.0,0,-11.333799999999997,
2021-07-27,1500.0,0,-23.6673,
2021-07-27,1280.0,0,-23.667299999999997,
2021-07-26,1997.0,0,-7.333699999999997,
2021-07-23,1143.0,0,-27.334000000000003,
2021-07-22,1000.0,0,3.333199999999998,
2021-07-20,1500.0,0,-30.667399999999997,
2021-07-20,1272.0,0,-28.000699999999995,
2021-07-19,1000.0,0,-23.667299999999997,
2021-07-19,1308.0,0,-15.334099999999996,
2021-07-18,1997.0,0,-6.666999999999998,
2021-07-17,1000.0,0,-31.000799999999998,
2021-07-13,1500.0,0,-23.6673,
2021-07-13,1292.0,0,-22.0006,
2021-07-12,1996.0,0,-8.000399999999996,
2021-07-10,3995.0,0,-18.6672,
2021-07-08,1000.0,0,-20.70055,
2021-07-06,1500.0,0,-33.6674,
2021-07-06,1281.0,0,-25.667299999999997,
2021-06-29,1500.0,0,-30.0007,
2021-06-29,1290.0,0,-32.6674,
2021-06-28,1989.0,0,-4.666900000000002,
2021-06-28,1000.0,0,-25.333999999999996,
2021-06-24,1762.0,0,-22.334,
2021-06-23,1753.0,0,-30.267409999999998,
2021-06-22,1500.0,0,-25.334,
2021-06-22,1223.0,0,-26.333999999999996,
2021-06-22,1001.0,0,-32.6675,
2021-06-20,2041.0,0,-8.667099999999998,
2021-06-19,1105.0,0,-2.933479999999996,
2021-06-17,2006.0,0,-4.666899999999998,
2021-06-17,10606.0,0,-44.00099999999999,
2021-06-15,1500.0,0,-34.33410000000001,
2021-06-15,1305.0,0,-35.0008,
2021-06-14,1001.0,0,-32.0008,5.9731999999999985
2021-06-14,1070.0,0,-47.237714,5.9731999999999985
2021-06-13,1994.0,0,-7.333699999999997,
2021-06-10,1000.0,0,-6.000299999999999,
2021-06-08,1500.0,0,-22.6673,
2021-06-08,1242.0,0,-19.000600000000002,
2021-06-08,1000.0,0,-26.0007,
2021-06-07,1990.0,0,-8.667099999999998,
2021-06-04,801.0,0,-8.000399999999996,
2021-06-01,1500.0,0,-25.334,
2021-06-01,1275.0,0,-21.3339,
2021-05-25,1500.0,0,-16.333800000000004,5.333199999999998
2021-05-25,1500.0,0,-16.333800000000004,4.666499999999999
2021-05-25,1248.0,0,-15.333800000000004,5.333199999999998
2021-05-25,1248.0,0,-15.333800000000004,4.666499999999999
2021-05-25,805.0,0,-9.333700000000004,5.333199999999998
2021-05-25,805.0,0,-9.333700000000004,4.666499999999999
2021-05-24,2200.0,0,-12.000600000000002,15.0
2021-05-24,2200.0,0,-12.000600000000002,15.666699999999999
2021-05-24,2200.0,0,-12.000600000000002,14.333399999999997
2021-05-24,2200.0,0,-12.000600000000002,6.6666000000000025
2021-05-24,2200.0,0,-12.000600000000002,4.666899999999998
2021-05-24,2200.0,0,-12.000600000000002,3.3334999999999972
2021-05-24,1993.0,0,-12.667300000000001,15.0
2021-05-24,1993.0,0,-12.667300000000001,15.666699999999999
2021-05-24,1993.0,0,-12.667300000000001,14.333399999999997
2021-05-24,1993.0,0,-12.667300000000001,6.6666000000000025
2021-05-24,1993.0,0,-12.667300000000001,4.666899999999998
2021-05-24,1993.0,0,-12.667300000000001,3.3334999999999972
2021-05-24,1204.0,0,-29.667400000000004,15.0
2021-05-24,1204.0,0,-29.667400000000004,15.666699999999999
2021-05-24,1204.0,0,-29.667400000000004,14.333399999999997
2021-05-24,1204.0,0,-29.667400000000004,6.6666000000000025
2021-05-24,1204.0,0,-29.667400000000004,4.666899999999998
2021-05-24,1204.0,0,-29.667400000000004,3.3334999999999972
2021-05-24,1316.0,0,-13.334,15.0
2021-05-24,1316.0,0,-13.334,15.666699999999999
2021-05-24,1316.0,0,-13.334,14.333399999999997
2021-05-24,1316.0,0,-13.334,6.6666000000000025
2021-05-24,1316.0,0,-13.334,4.666899999999998
2021-05-24,1316.0,0,-13.334,3.3334999999999972
2021-05-24,1174.0,0,-12.000600000000002,15.0
2021-05-24,1174.0,0,-12.000600000000002,15.666699999999999
2021-05-24,1174.0,0,-12.000600000000002,14.333399999999997
2021-05-24,1174.0,0,-12.000600000000002,6.6666000000000025
2021-05-24,1174.0,0,-12.000600000000002,4.666899999999998
2021-05-24,1174.0,0,-12.000600000000002,3.3334999999999972
2021-05-20,1945.0,0,-12.000399999999999,21.666800000000002
2021-05-20,1945.0,0,-12.000399999999999,18.000100000000003
2021-05-18,1500.0,0,-19.6672,8.999899999999997
2021-05-18,1500.0,0,-19.6672,4.999900000000004
2021-05-18,1500.0,0,-19.6672,5.6666000000000025
2021-05-18,1239.0,0,-16.000500000000002,8.999899999999997
2021-05-18,1239.0,0,-16.000500000000002,4.999900000000004
2021-05-18,1239.0,0,-16.000500000000002,5.6666000000000025
2021-05-17,1992.0,0,-9.333800000000004,5.999899999999997
2021-05-17,1992.0,0,-9.333800000000004,7.333699999999997
2021-05-17,1992.0,0,-9.333800000000004,12.666699999999999
2021-05-17,1132.0,0,-35.3341,5.999899999999997
2021-05-17,1132.0,0,-35.3341,7.333699999999997
2021-05-17,1132.0,0,-35.3341,12.666699999999999
2021-05-11,1500.0,0,-17.3338,7.666699999999999
2021-05-11,1500.0,0,-17.3338,8.333399999999997
2021-05-11,1204.0,0,-16.3338,7.666699999999999
2021-05-11,1204.0,0,-16.3338,8.333399999999997
2021-05-10,1000.0,0,-31.667500000000004,11.333299999999994
2021-05-09,1994.0,0,-12.667300000000001,14.333399999999997
2021-05-09,1994.0,0,-12.667300000000001,13.333399999999997
2021-05-09,1994.0,0,-12.667300000000001,15.333399999999997
2021-05-04,1500.0,0,-21.000500000000002,4.666599999999995
2021-05-04,1500.0,0,-21.000500000000002,4.6666000000000025
2021-05-04,1187.0,0,-17.3338,4.666599999999995
2021-05-04,1187.0,0,-17.3338,4.6666000000000025
2021-05-03,1991.0,0,-12.000600000000002,16.6667
2021-05-03,1991.0,0,-12.000600000000002,10.000500000000002
2021-05-03,1991.0,0,-12.000600000000002,15.666699999999992
2021-05-03,1991.0,0,-12.000600000000002,3.9998999999999967
2021-04-29,1872.0,0,-9.333699999999997,17.333399999999997
2021-04-27,1500.0,0,-30.667399999999997,7.0
2021-04-27,1500.0,0,-30.667399999999997,9.666699999999999
2021-04-27,1219.0,0,-29.6674,7.0
2021-04-27,1219.0,0,-29.6674,9.666699999999999
2021-04-26,1991.0,0,-15.334099999999996,12.667300000000001
2021-04-26,1991.0,0,-15.334099999999996,6.6666000000000025
2021-04-26,989.0,0,-25.000699999999995,12.667300000000001
2021-04-26,989.0,0,-25.000699999999995,6.6666000000000025
2021-04-23,1043.0,0,-27.333999999999996,9.333300000000001
2021-04-20,1500.0,0,-21.6672,1.6666000000000025
2021-04-20,1500.0,0,-21.6672,0.6665999999999954
2021-04-20,1500.0,0,-21.6672,15.333399999999997
2021-04-20,1225.0,0,-19.6672,1.6666000000000025
2021-04-20,1225.0,0,-19.6672,0.6665999999999954
2021-04-20,1225.0,0,-19.6672,15.333399999999997
2021-04-20,1000.0,0,-40.334199999999996,1.6666000000000025
2021-04-20,1000.0,0,-40.334199999999996,0.6665999999999954
2021-04-20,1000.0,0,-40.334199999999996,15.333399999999997
2021-04-19,1992.0,0,-12.667300000000001,12.000600000000002
2021-04-19,1992.0,0,-12.667300000000001,21.000200000000007
2021-04-19,1992.0,0,-12.667300000000001,23.3335
2021-04-19,1992.0,0,-12.667300000000001,21.000100000000003
2021-04-13,1500.0,0,-29.667399999999994,0.9998000000000076
2021-04-13,1500.0,0,-29.667399999999994,1.6664999999999992
2021-04-13,1263.0,0,-28.000700000000002,0.9998000000000076
2021-04-13,1263.0,0,-28.000700000000002,1.6664999999999992
2021-04-12,1992.0,0,-16.000799999999998,14.667399999999997
2021-04-12,1992.0,0,-16.000799999999998,11.0
2021-04-12,1256.0,0,-25.000699999999995,14.667399999999997
2021-04-12,1256.0,0,-25.000699999999995,11.0
2021-04-11,1000.0,0,-10.667199999999998,
2021-04-07,1000.0,0,-22.46731,-1.7668700000000044
2021-04-06,1500.0,0,-33.33410000000001,7.0
2021-04-06,1500.0,0,-33.33410000000001,9.666699999999999
2021-04-06,1243.0,0,-33.33410000000001,7.0
2021-04-06,1243.0,0,-33.33410000000001,9.666699999999999
2021-04-04,1989.0,0,-14.667399999999997,21.000100000000003
2021-04-04,1989.0,0,-14.667399999999997,13.334
2021-04-04,1989.0,0,-14.667399999999997,15.333399999999997
2021-03-30,1496.0,0,-26.0006,1.9998999999999967
2021-03-30,1496.0,0,-26.0006,-0.6668000000000021
2021-03-30,1257.0,0,-27.000600000000002,1.9998999999999967
2021-03-30,1257.0,0,-27.000600000000002,-0.6668000000000021
2021-03-29,2043.0,0,-12.667300000000001,12.667300000000001
2021-03-29,2043.0,0,-12.667300000000001,19.000100000000003
2021-03-29,2043.0,0,-12.667300000000001,13.0
2021-03-29,1002.0,0,-29.000800000000005,12.667300000000001
2021-03-29,1002.0,0,-29.000800000000005,19.000100000000003
2021-03-29,1002.0,0,-29.000800000000005,13.0
2021-03-28,1012.0,0,-16.3337,0.6663999999999959
2021-03-28,1012.0,0,-16.3337,21.000100000000003
2021-03-25,1945.0,0,-15.333799999999997,18.333400000000005
2021-03-23,1500.0,0,-21.3339,4.6666000000000025
2021-03-23,1500.0,0,-21.3339,6.333300000000001
2021-03-23,1267.0,0,-26.667299999999997,4.6666000000000025
2021-03-23,1267.0,0,-26.667299999999997,6.333300000000001
2021-03-22,1994.0,0,-12.667300000000001,12.000600000000002
2021-03-22,1994.0,0,-12.667300000000001,25.0002
2021-03-22,1994.0,0,-12.667300000000001,28.667
2021-03-22,1994.0,0,-12.667300000000001,19.000100000000003
2021-03-21,1008.0,0,-10.667199999999998,6.000299999999999
2021-03-17,1500.0,0,-24.667299999999997,12.000100000000003
2021-03-17,1500.0,0,-24.667299999999997,13.666799999999995
2021-03-17,1500.0,0,-24.667299999999997,12.0
2021-03-17,1218.0,0,-28.000699999999995,12.000100000000003
2021-03-17,1218.0,0,-28.000699999999995,13.666799999999995
2021-03-17,1218.0,0,-28.000699999999995,12.0
2021-03-17,2009.0,0,-20.0006,12.000100000000003
2021-03-17,2009.0,0,-20.0006,13.666799999999995
2021-03-17,2009.0,0,-20.0006,12.0
2021-03-15,1993.0,0,-15.334099999999996,16.000799999999998
2021-03-15,1993.0,0,-15.334099999999996,14.0
2021-03-15,1001.0,0,-29.6674,16.000799999999998
2021-03-15,1001.0,0,-29.6674,14.0
2021-03-09,1500.0,0,-25.334,5.6666000000000025
2021-03-09,1500.0,0,-25.334,10.0
2021-03-09,1242.0,0,-29.6674,5.6666000000000025
2021-03-09,1242.0,0,-29.6674,10.0
2021-03-08,1990.0,0,-14.667399999999997,13.334
2021-03-08,1990.0,0,-14.667399999999997,24.6669
2021-03-08,1990.0,0,-14.667399999999997,7.3337
2021-03-08,1990.0,0,-14.667399999999997,6.667000000000002
2021-03-04,1005.0,0,-40.6676,19.000099999999996
2021-03-02,1500.0,0,-29.667399999999994,10.666699999999999
2021-03-02,1500.0,0,-29.667399999999994,8.666699999999999
2021-03-02,1191.0,0,-29.6674,10.666699999999999
2021-03-02,1191.0,0,-29.6674,8.666699999999999
2021-03-01,1992.0,0,-12.000600000000002,12.000600000000002
2021-03-01,1992.0,0,-12.000600000000002,24.6669
2021-03-01,1992.0,0,-12.000600000000002,12.666699999999992
2021-03-01,1007.0,0,-28.667400000000004,12.000600000000002
2021-03-01,1007.0,0,-28.667400000000004,24.6669
2021-03-01,1007.0,0,-28.667400000000004,12.666699999999992
2021-02-25,1778.0,0,-15.333800000000004,20.666800000000002
2021-02-25,1778.0,0,-15.333800000000004,11.000099999999996
2021-02-22,2013.0,0,-15.334099999999996,10.000100000000003
2021-02-22,2013.0,0,-15.334099999999996,11.666800000000002
2021-02-22,2013.0,0,-15.334099999999996,13.334
2021-02-21,1000.0,0,-26.333999999999996,26.000200000000007
2021-02-21,1000.0,0,-26.333999999999996,10.0
2021-02-20,1200.0,0,-32.3341,15.666699999999992
2021-02-18,1005.0,0,-14.667399999999997,5.333600000000001
2021-02-15,1984.0,0,-19.3343,17.334199999999996
2021-02-15,1984.0,0,-19.3343,19.000100000000003
2021-02-15,1984.0,0,-19.3343,24.3335
2021-02-15,1984.0,0,-19.3343,20.666800000000002
2021-02-15,1984.0,0,-19.3343,14.333399999999997
2021-02-15,1987.0,0,-15.334099999999996,17.334199999999996
2021-02-15,1987.0,0,-15.334099999999996,19.000100000000003
2021-02-15,1987.0,0,-15.334099999999996,24.3335
2021-02-15,1987.0,0,-15.334099999999996,20.666800000000002
2021-02-15,1987.0,0,-15.334099999999996,14.333399999999997
2021-02-15,1067.0,0,-34.334199999999996,17.334199999999996
2021-02-15,1067.0,0,-34.334199999999996,19.000100000000003
2021-02-15,1067.0,0,-34.334199999999996,24.3335
2021-02-15,1067.0,0,-34.334199999999996,20.666800000000002
2021-02-15,1067.0,0,-34.334199999999996,14.333399999999997
2021-02-14,1277.0,0,-11.0003,13.000100000000003
2021-02-09,1500.0,0,-32.0007,7.6666000000000025
2021-02-09,1500.0,0,-32.0007,9.333299999999994
2021-02-09,1306.0,0,-29.000700000000002,7.6666000000000025
2021-02-09,1306.0,0,-29.000700000000002,9.333299999999994
2021-02-07,1986.0,0,-14.667399999999997,20.333599999999997
2021-02-02,1500.0,0,-19.0005,1.6664999999999992
2021-02-02,1500.0,0,-19.0005,1.9998000000000005
2021-02-02,1272.0,0,-24.0006,1.6664999999999992
2021-02-02,1272.0,0,-24.0006,1.9998000000000005
2021-02-01,1986.0,0,-14.000699999999998,25.333600000000004
2021-02-01,1986.0,0,-14.000699999999998,25.6669
2021-02-01,1986.0,0,-14.000699999999998,8.667100000000001
2021-02-01,1986.0,0,-14.000699999999998,10.000499999999999
2021-02-01,1986.0,0,-14.000699999999998,10.667199999999998
2021-02-01,1986.0,0,-14.000699999999998,24.667
2021-02-01,1986.0,0,-14.000699999999998,6.666999999999998
2021-02-01,1021.0,0,-16.000799999999995,25.333600000000004
2021-02-01,1021.0,0,-16.000799999999995,25.6669
2021-02-01,1021.0,0,-16.000799999999995,8.667100000000001
2021-02-01,1021.0,0,-16.000799999999995,10.000499999999999
2021-02-01,1021.0,0,-16.000799999999995,10.667199999999998
2021-02-01,1021.0,0,-16.000799999999995,24.667
2021-02-01,1021.0,0,-16.000799999999995,6.666999999999998
2021-02-01,1055.0,0,-43.667699999999996,25.333600000000004
2021-02-01,1055.0,0,-43.667699999999996,25.6669
2021-02-01,1055.0,0,-43.667699999999996,8.667100000000001
2021-02-01,1055.0,0,-43.667699999999996,10.000499999999999
2021-02-01,1055.0,0,-43.667699999999996,10.667199999999998
2021-02-01,1055.0,0,-43.667699999999996,24.667
2021-02-01,1055.0,0,-43.667699999999996,6.666999999999998
2021-02-01,1005.0,0,-35.6675,25.333600000000004
2021-02-01,1005.0,0,-35.6675,25.6669
2021-02-01,1005.0,0,-35.6675,8.667100000000001
2021-02-01,1005.0,0,-35.6675,10.000499999999999
2021-02-01,1005.0,0,-35.6675,10.667199999999998
2021-02-01,1005.0,0,-35.6675,24.667
2021-02-01,1005.0,0,-35.6675,6.666999999999998
2021-01-31,1000.0,0,-31.667399999999997,7.6666000000000025
2021-01-30,2016.0,0,-39.0009,23.6669
2021-01-30,2016.0,0,-39.0009,24.0002
2021-01-26,1500.0,0,-31.334,30.000299999999996
2021-01-26,1500.0,0,-31.334,11.0
2021-01-26,1500.0,0,-31.334,10.0
2021-01-26,1500.0,0,-31.334,13.333999999999996
2021-01-26,1245.0,0,-32.000699999999995,30.000299999999996
2021-01-26,1245.0,0,-32.000699999999995,11.0
2021-01-26,1245.0,0,-32.000699999999995,10.0
2021-01-26,1245.0,0,-32.000699999999995,13.333999999999996
2021-01-26,1006.0,0,-19.334299999999995,30.000299999999996
2021-01-26,1006.0,0,-19.334299999999995,11.0
2021-01-26,1006.0,0,-19.334299999999995,10.0
2021-01-26,1006.0,0,-19.334299999999995,13.333999999999996
2021-01-25,1990.0,0,-18.6676,34.66709999999999
2021-01-25,1990.0,0,-18.6676,24.6669
2021-01-23,1742.0,0,-14.667100000000005,-2.0001999999999995
2021-01-19,1500.0,0,-28.000699999999995,8.667099999999998
2021-01-19,1500.0,0,-28.000699999999995,2.333199999999998
2021-01-19,1500.0,0,-28.000699999999995,9.333299999999994
2021-01-19,1500.0,0,-28.000699999999995,0.6666999999999987
2021-01-19,1155.0,0,-28.667400000000004,8.667099999999998
2021-01-19,1155.0,0,-28.667400000000004,2.333199999999998
2021-01-19,1155.0,0,-28.667400000000004,9.333299999999994
2021-01-19,1155.0,0,-28.667400000000004,0.6666999999999987
2021-01-19,5188.0,0,-6.666999999999998,8.667099999999998
2021-01-19,5188.0,0,-6.666999999999998,2.333199999999998
2021-01-19,5188.0,0,-6.666999999999998,9.333299999999994
2021-01-19,5188.0,0,-6.666999999999998,0.6666999999999987
2021-01-19,2200.0,0,-38.334199999999996,8.667099999999998
2021-01-19,2200.0,0,-38.334199999999996,2.333199999999998
2021-01-19,2200.0,0,-38.334199999999996,9.333299999999994
2021-01-19,2200.0,0,-38.334199999999996,0.6666999999999987
2021-01-18,1609.0,0,-8.000399999999996,13.333399999999997
2021-01-18,2200.0,0,-43.0009,13.333399999999997
2021-01-18,1019.0,0,-62.0013,13.333399999999997
2021-01-17,1993.0,0,-13.334,12.000600000000002
2021-01-17,2201.0,0,-35.667500000000004,12.000600000000002
2021-01-15,1000.0,0,-16.000799999999998,6.667000000000002
2021-01-15,1000.0,0,-16.000799999999998,10.667200000000001
2021-01-14,2200.0,0,-42.6676,11.0
2021-01-14,2200.0,0,-42.6676,14.000699999999998
2021-01-14,2006.0,0,-16.6672,11.0
2021-01-14,2006.0,0,-16.6672,14.000699999999998
2021-01-14,1003.0,0,-20.6677,11.0
2021-01-14,1003.0,0,-20.6677,14.000699999999998
2021-01-13,1000.0,0,-26.333999999999996,4.000199999999996
2021-01-13,1000.0,0,-26.333999999999996,3.3334999999999972
2021-01-13,1000.0,0,-26.333999999999996,0.6664999999999992
2021-01-13,1000.0,0,-26.333999999999996,10.333299999999994
2021-01-12,1500.0,0,-34.3341,-4.667000000000002
2021-01-12,1500.0,0,-34.3341,-5.000300000000003
2021-01-12,1286.0,0,-31.6674,-4.667000000000002
2021-01-12,1286.0,0,-31.6674,-5.000300000000003
2021-01-11,1996.0,0,-51.6678,9.333799999999997
2021-01-11,1996.0,0,-51.6678,7.333299999999994
2021-01-11,2200.0,0,-48.001099999999994,9.333799999999997
2021-01-11,2200.0,0,-48.001099999999994,7.333299999999994
2021-01-11,1000.0,0,-40.667699999999996,9.333799999999997
2021-01-11,1000.0,0,-40.667699999999996,7.333299999999994
2021-01-11,1996.0,0,-51.6678,9.333799999999997
2021-01-11,1996.0,0,-51.6678,7.333299999999994
2021-01-10,2200.0,0,-44.001,8.666599999999995
2021-01-08,2200.0,0,-33.3342,
2021-01-07,4735.0,0,-13.334,8.000399999999999
2021-01-07,1986.0,0,-40.0009,8.000399999999999
2021-01-05,4738.0,0,-10.667200000000001,-8.3337
2021-01-05,4738.0,0,-10.667200000000001,-8.3337
2021-01-05,1893.0,0,-32.6675,-8.3337
2021-01-05,1893.0,0,-32.6675,-8.3337
2021-01-05,2200.0,0,-32.667500000000004,-8.3337
2021-01-05,2200.0,0,-32.667500000000004,-8.3337
2021-01-05,1500.0,0,-21.6672,-8.3337
2021-01-05,1500.0,0,-21.6672,-8.3337
2021-01-05,1278.0,0,-22.0006,-8.3337
2021-01-05,1278.0,0,-22.0006,-8.3337
2021-01-02,2200.0,0,-31.334,
2020-12-30,2200.0,0,-27.000699999999995,
2020-12-26,2200.0,0,-35.0008,
2020-12-23,2200.0,0,-33.3341,
2020-12-22,1500.0,0,-17.0004,-11.000399999999996
2020-12-22,1500.0,0,-17.0004,-8.3337
2020-12-22,1157.0,0,-14.667000000000002,-11.000399999999996
2020-12-22,1157.0,0,-14.667000000000002,-8.3337
2020-12-20,1995.0,0,-10.000500000000002,9.333799999999997
2020-12-20,1995.0,0,-10.000500000000002,6.466989999999999
2020-12-20,2200.0,0,-28.000599999999995,9.333799999999997
2020-12-20,2200.0,0,-28.000599999999995,6.466989999999999
2020-12-20,1000.0,0,-9.667150000000003,9.333799999999997
2020-12-20,1000.0,0,-9.667150000000003,6.466989999999999
2020-12-19,2201.0,0,-32.6674,
2020-12-19,2200.0,0,-29.000700000000002,
2020-12-15,1500.0,0,-25.667299999999997,-2.000300000000003
2020-12-15,1500.0,0,-25.667299999999997,-6.667000000000002
2020-12-15,1264.0,0,-22.333899999999996,-2.000300000000003
2020-12-15,1264.0,0,-22.333899999999996,-6.667000000000002
2020-12-15,6000.0,0,-34.33410000000001,-2.000300000000003
2020-12-15,6000.0,0,-34.33410000000001,-6.667000000000002
2020-12-14,1990.0,0,-10.667200000000001,12.000600000000002
2020-12-14,1990.0,0,-10.667200000000001,3.666499999999999
2020-12-14,1003.0,0,-27.6674,12.000600000000002
2020-12-14,1003.0,0,-27.6674,3.666499999999999
2020-12-13,2200.0,0,-27.333999999999996,4.333199999999998
2020-12-13,2200.0,0,-26.667299999999997,4.333199999999998
2020-12-13,1000.0,0,-8.000200000000003,4.333199999999998
2020-12-10,2200.0,0,-28.333999999999996,
2020-12-09,1007.0,0,-17.667099999999998,24.6669
2020-12-08,1500.0,0,-24.3339,3.9998999999999967
2020-12-07,2201.0,0,-26.333999999999996,0.6666999999999987
2020-12-07,978.0,0,-6.000299999999999,0.6666999999999987
2020-12-06,2200.0,0,-27.667300000000004,8.000399999999999
2020-12-06,2200.0,0,-27.667300000000004,2.6667999999999985
2020-12-06,2200.0,0,-27.667300000000004,5.333600000000004
2020-12-06,1900.0,0,-35.667500000000004,8.000399999999999
2020-12-06,1900.0,0,-35.667500000000004,2.6667999999999985
2020-12-06,1900.0,0,-35.667500000000004,5.333600000000004
2020-12-06,2200.0,0,-33.0008,8.000399999999999
2020-12-06,2200.0,0,-33.0008,2.6667999999999985
2020-12-06,2200.0,0,-33.0008,5.333600000000004
2020-12-04,2200.0,0,-31.667400000000004,
2020-11-30,2825.0,0,-14.000399999999999,8.333299999999994
2020-11-29,2200.0,0,-27.333999999999996,
2020-11-24,1500.0,0,-20.667199999999998,-4.333199999999994
2020-11-23,1990.0,0,-8.000399999999996,10.667200000000001
2020-11-23,2201.0,0,-24.0006,10.667200000000001
2020-11-23,2200.0,0,-31.667400000000004,10.667200000000001
2020-11-22,2200.0,0,-26.0006,
2020-11-19,2205.0,0,-11.333699999999997,3.999900000000004
2020-11-19,2205.0,0,-11.333699999999997,9.333799999999997
2020-11-19,1018.0,0,-10.000500000000002,3.999900000000004
2020-11-19,1018.0,0,-10.000500000000002,9.333799999999997
2020-11-17,1500.0,0,-18.3338,-3.0001999999999995
2020-11-17,1500.0,0,-18.3338,20.000099999999996
2020-11-17,1346.0,0,-24.000600000000002,-3.0001999999999995
2020-11-17,1346.0,0,-24.000600000000002,20.000099999999996
2020-11-16,1994.0,0,-10.000500000000002,9.333799999999997
2020-11-16,1994.0,0,-10.000500000000002,-4.333600000000001
2020-11-16,810.0,0,-18.667199999999998,9.333799999999997
2020-11-16,810.0,0,-18.667199999999998,-4.333600000000001
2020-11-14,2200.0,0,-33.000800000000005,
2020-11-13,2200.0,0,-25.667299999999997,-9.666599999999999
2020-11-13,1843.0,0,-41.66759999999999,-9.666599999999999
2020-11-12,2200.0,0,-24.667299999999997,
2020-11-10,1500.0,0,-18.3338,-3.666800000000009
2020-11-09,2200.0,0,-27.0007,
